t_ms,aX,aY,aZ,gX_yaw,gY,gZ_roll,sog_kn,cog_deg,roll_raw,amag
# BOOT millis=1200
1245,0.000,0.000,0.000,0.00,0.00,0.00,0.27,135.7,-0.0,0.00
1285,0.000,0.000,0.000,0.00,0.00,0.00,0.27,135.7,-0.0,0.00
1325,0.000,0.000,0.000,0.00,0.00,0.00,0.27,135.7,-0.0,0.00
1365,0.000,0.000,0.000,0.00,0.00,0.00,0.27,135.7,-0.0,0.00
1405,0.000,0.000,0.000,0.00,0.00,0.00,0.27,135.7,-0.0,0.00
1445,0.000,0.000,0.000,0.00,0.00,0.00,0.27,135.7,-0.0,0.00
1485,-0.130,0.140,9.580,0.12,-1.25,0.44,0.27,135.7,-132.9,9.58
1525,-0.160,0.150,9.600,0.12,-1.00,0.38,0.27,135.7,-136.8,9.60
1565,-0.130,0.120,9.610,-0.12,-0.88,0.38,0.27,135.7,-137.3,9.61
1605,-0.130,0.130,9.590,0.00,-0.62,0.31,0.27,135.7,-135.0,9.59
1645,-0.110,0.140,9.630,0.19,-0.50,0.38,0.27,135.7,-128.2,9.63
1685,-0.110,0.130,9.610,-0.06,-0.31,0.56,0.27,135.7,-130.2,9.61
1725,-0.100,0.140,9.660,-0.31,0.00,0.19,0.27,135.7,-125.5,9.66
1765,-0.090,0.110,9.640,-0.19,0.25,0.31,0.27,135.7,-129.3,9.64
1805,-0.090,0.110,9.640,-0.25,0.50,0.31,0.27,135.7,-129.3,9.64
1845,-0.100,0.100,9.620,-0.25,0.75,0.25,0.27,135.7,-135.0,9.62
1885,-0.110,0.110,9.620,-0.31,0.88,0.19,0.27,135.7,-135.0,9.62
1925,-0.140,0.080,9.590,-0.06,1.00,0.19,0.27,135.7,-150.3,9.59
1965,-0.130,0.100,9.590,-0.31,1.19,0.19,0.27,135.7,-142.4,9.59
2005,-0.150,0.090,9.580,-0.19,1.25,0.12,0.27,135.7,-149.0,9.58
2045,-0.130,0.060,9.460,-0.38,1.31,0.31,0.27,135.7,-155.2,9.46
2085,-0.150,0.110,9.470,-0.31,1.38,0.25,0.27,135.7,-143.7,9.47
2125,-0.200,0.090,9.530,-0.25,1.44,0.31,0.27,135.7,-155.8,9.53
2165,-0.210,0.040,9.510,-0.25,1.56,0.12,0.11,135.7,-169.2,9.51
2205,-0.170,0.070,9.510,-0.38,1.50,0.31,0.11,135.7,-157.6,9.51
2245,-0.170,0.060,9.490,-0.12,1.19,0.31,0.11,135.7,-160.6,9.49
2285,-0.200,0.060,9.510,-0.12,1.62,0.19,0.11,135.7,-163.3,9.51
2325,-0.190,0.080,9.530,0.00,1.44,0.12,0.11,135.7,-157.2,9.53
2365,-0.230,0.050,9.530,-0.06,1.44,0.12,0.11,135.7,-167.7,9.53
2405,-0.240,0.060,9.540,0.06,1.38,0.19,0.11,135.7,-166.0,9.54
2445,-0.270,0.050,9.530,0.00,1.31,0.12,0.11,135.7,-169.5,9.53
2485,-0.250,0.060,9.550,0.12,1.19,0.19,0.11,135.7,-166.5,9.55
2525,-0.270,0.090,9.520,0.19,1.00,0.25,0.11,135.7,-161.6,9.52
2565,-0.270,0.080,9.520,0.19,1.25,0.25,0.11,135.7,-163.5,9.52
2605,-0.290,0.090,9.550,0.19,0.88,0.25,0.11,135.7,-162.8,9.55
2645,-0.290,0.100,9.550,0.25,0.81,0.25,0.11,135.7,-161.0,9.55
2685,-0.300,0.100,9.570,0.12,0.81,0.06,0.11,135.7,-161.6,9.58
2725,-0.310,0.110,9.570,0.25,0.50,0.19,0.11,135.7,-160.5,9.58
2765,-0.320,0.100,9.550,0.31,0.38,0.31,0.11,135.7,-162.6,9.56
2805,-0.320,0.090,9.530,0.25,0.25,0.06,0.11,135.7,-164.3,9.54
2845,-0.330,0.090,9.550,0.25,0.06,0.19,0.11,135.7,-164.7,9.56
2885,-0.320,0.090,9.560,0.06,0.00,0.12,0.11,135.7,-164.3,9.57
2925,-0.300,0.110,9.540,0.19,-0.06,0.19,0.11,135.7,-159.9,9.55
2965,-0.300,0.080,9.550,0.12,-0.25,0.19,0.11,135.7,-165.1,9.56
3005,-0.310,0.120,9.540,0.12,-0.38,0.38,0.11,135.7,-158.8,9.55
3045,-0.310,0.070,9.550,0.12,-0.69,0.25,0.11,135.7,-167.3,9.56
3085,-0.280,0.090,9.550,0.06,-0.75,0.25,0.11,135.7,-162.2,9.55
3125,-0.290,0.090,9.570,-0.12,-0.62,0.31,0.11,135.7,-162.8,9.57
3165,-0.290,0.110,9.560,-0.06,-0.88,0.38,0.56,160.5,-159.2,9.57
3205,-0.250,0.070,9.520,-0.19,-0.81,0.38,0.56,160.5,-164.4,9.52
3245,-0.230,0.080,9.550,-0.25,-0.75,0.25,0.56,160.5,-160.8,9.55
3285,-0.240,0.080,9.570,-0.12,-0.69,0.25,0.56,160.5,-161.6,9.57
3325,-0.210,0.100,9.560,-0.19,-0.81,0.25,0.56,160.5,-154.5,9.56
3365,-0.220,0.070,9.560,-0.12,-0.88,0.38,0.56,160.5,-162.3,9.56
3405,-0.220,0.090,9.560,-0.25,-0.75,0.38,0.56,160.5,-157.8,9.56
3445,-0.200,0.100,9.570,-0.31,-0.56,0.44,0.56,160.5,-153.4,9.57
3485,-0.210,0.080,9.540,-0.25,-0.50,0.31,0.56,160.5,-159.1,9.54
3525,-0.200,0.090,9.550,-0.19,-0.44,0.38,0.56,160.5,-155.8,9.55
3565,-0.220,0.080,9.570,-0.25,-0.44,0.31,0.56,160.5,-160.0,9.57
3605,-0.220,0.080,9.580,-0.25,-0.44,0.31,0.56,160.5,-160.0,9.58
3645,-0.240,0.080,9.570,-0.19,-0.12,0.31,0.56,160.5,-161.6,9.57
3685,-0.230,0.070,9.550,-0.25,-0.25,0.25,0.56,160.5,-163.1,9.55
3725,-0.220,0.090,9.550,-0.19,-0.19,0.25,0.56,160.5,-157.8,9.55
3765,-0.230,0.090,9.550,-0.12,-0.06,0.25,0.56,160.5,-158.6,9.55
3805,-0.250,0.090,9.540,-0.12,-0.06,0.25,0.56,160.5,-160.2,9.54
3845,-0.250,0.090,9.530,0.00,-0.12,0.25,0.56,160.5,-160.2,9.53
3885,-0.230,0.100,9.540,-0.31,0.00,0.31,0.56,160.5,-156.5,9.54
3925,-0.240,0.090,9.530,-0.06,-0.19,0.50,0.56,160.5,-159.4,9.53
3965,-0.230,0.080,9.570,0.06,-0.06,0.44,0.56,160.5,-160.8,9.57
4005,-0.240,0.070,9.560,0.12,0.00,0.38,0.56,160.5,-163.7,9.56
4045,-0.190,0.090,9.590,0.19,0.06,0.50,0.56,160.5,-154.7,9.59
4085,-0.160,0.080,9.600,-0.06,0.44,0.56,0.56,160.5,-153.4,9.60
4125,-0.160,0.090,9.610,-0.12,0.69,0.44,0.56,160.5,-150.6,9.61
4165,-0.140,0.070,9.620,0.00,1.12,0.38,0.13,160.5,-153.4,9.62
4205,-0.150,0.080,9.650,-0.25,1.50,0.19,0.13,160.5,-151.9,9.65
4245,-0.180,0.060,9.640,-0.25,1.88,0.12,0.13,160.5,-161.6,9.64
4285,-0.230,0.080,9.620,-0.25,2.25,0.06,0.13,160.5,-160.8,9.62
4325,-0.230,0.090,9.540,-0.19,2.44,0.12,0.13,160.5,-158.6,9.54
4365,-0.230,0.120,9.590,-0.25,2.75,0.06,0.13,160.5,-152.4,9.59
4405,-0.290,0.090,9.580,-0.12,2.88,-0.12,0.13,160.5,-162.8,9.58
4445,-0.360,0.070,9.660,-0.25,3.19,-0.25,0.13,160.5,-169.0,9.67
4485,-0.450,0.090,9.580,-0.12,3.12,-0.19,0.13,160.5,-168.7,9.59
4525,-0.450,0.070,9.550,-0.19,3.25,-0.25,0.13,160.5,-171.2,9.56
4565,-0.430,0.110,9.540,-0.19,2.81,-0.19,0.13,160.5,-165.7,9.55
4605,-0.450,0.100,9.550,-0.38,2.81,-0.25,0.13,160.5,-167.5,9.56
4645,-0.540,0.080,9.530,-0.06,2.56,-0.19,0.13,160.5,-171.6,9.55
4685,-0.520,0.110,9.520,-0.31,2.31,-0.19,0.13,160.5,-168.1,9.53
4725,-0.540,0.110,9.530,-0.44,2.06,-0.12,0.13,160.5,-168.5,9.55
4765,-0.570,0.080,9.530,-0.31,1.62,-0.19,0.13,160.5,-172.0,9.55
4805,-0.530,0.080,9.490,-0.38,1.19,-0.19,0.13,160.5,-171.4,9.51
4845,-0.560,0.030,9.500,-0.38,0.62,0.00,0.13,160.5,-176.9,9.52
4885,-0.560,0.040,9.540,-0.38,0.12,0.06,0.13,160.5,-175.9,9.56
4925,-0.720,-0.120,9.510,-0.44,-0.12,0.12,0.13,160.5,170.5,9.54
4965,-0.500,0.010,9.550,-0.44,-0.75,0.12,0.13,160.5,-178.9,9.56
5005,-0.490,0.040,9.450,-0.25,-1.00,0.12,0.13,160.5,-175.3,9.46
5045,-0.540,0.040,9.520,0.06,-1.56,0.12,0.13,160.5,-175.8,9.54
5085,-0.500,0.000,9.490,0.06,-1.69,0.19,0.13,160.5,-180.0,9.50
5125,-0.450,-0.020,9.530,0.12,-1.94,0.31,0.13,160.5,177.5,9.54
5165,-0.430,0.010,9.530,0.19,-2.19,0.31,0.07,160.5,-178.7,9.54
5205,-0.410,0.000,9.520,0.12,-2.44,0.31,0.07,160.5,-180.0,9.53
5245,-0.350,0.050,9.490,0.19,-2.44,0.25,0.07,160.5,-171.9,9.50
5285,-0.370,0.080,9.540,0.19,-2.62,0.38,0.07,160.5,-167.8,9.55
5325,-0.370,0.040,9.540,0.31,-2.69,0.25,0.07,160.5,-173.8,9.55
5365,-0.320,0.050,9.540,0.19,-2.62,0.31,0.07,160.5,-171.1,9.55
5405,-0.280,0.060,9.560,0.50,-2.69,0.44,0.07,160.5,-167.9,9.56
5445,-0.280,0.100,9.520,0.44,-2.62,0.31,0.07,160.5,-160.3,9.52
5485,-0.260,0.100,9.520,0.31,-2.62,0.44,0.07,160.5,-159.0,9.52
5525,-0.220,0.100,9.540,0.31,-2.56,0.38,0.07,160.5,-155.6,9.54
5565,-0.210,0.130,9.580,0.38,-2.50,0.38,0.07,160.5,-148.2,9.58
5605,-0.230,0.110,9.560,0.50,-2.25,0.25,0.07,160.5,-154.4,9.56
5645,-0.220,0.110,9.530,0.25,-1.94,0.31,0.07,160.5,-153.4,9.53
5685,-0.200,0.110,9.570,0.19,-1.75,0.25,0.07,160.5,-151.2,9.57
5725,-0.180,0.100,9.570,0.25,-1.75,0.44,0.07,160.5,-150.9,9.57
5765,-0.200,0.120,9.580,0.38,-1.56,0.19,0.07,160.5,-149.0,9.58
5805,-0.180,0.120,9.590,0.19,-1.44,0.25,0.07,160.5,-146.3,9.59
5845,-0.210,0.090,9.580,0.25,-1.06,0.31,0.07,160.5,-156.8,9.58
5885,-0.180,0.090,9.600,0.00,-0.62,0.19,0.07,160.5,-153.4,9.60
5925,-0.140,0.100,9.590,0.12,-0.44,0.12,0.07,160.5,-144.5,9.59
5965,-0.150,0.100,9.600,0.00,-0.25,0.19,0.07,160.5,-146.3,9.60
6005,-0.110,0.100,9.610,-0.06,0.25,0.12,0.07,160.5,-137.7,9.61
6045,-0.100,0.100,9.640,0.00,0.50,0.06,0.07,160.5,-135.0,9.64
6085,-0.110,0.070,9.610,-0.06,0.94,0.06,0.07,160.5,-147.5,9.61
6125,-0.120,0.080,9.650,-0.12,1.44,-0.06,0.07,160.5,-146.3,9.65
6165,-0.120,0.090,9.640,-0.12,1.88,-0.19,0.42,101.1,-143.1,9.64
6205,-0.190,0.090,9.610,-0.12,2.12,-0.19,0.42,101.1,-154.7,9.61
# BOOT millis=1188
1259,0.000,0.000,0.000,0.00,0.00,0.00,0.00,0.0,-0.0,0.00
1299,0.000,0.000,0.000,0.00,0.00,0.00,0.00,0.0,-0.0,0.00
1339,0.000,0.000,0.000,0.00,0.00,0.00,0.00,0.0,-0.0,0.00
1379,0.000,0.000,0.000,0.00,0.00,0.00,0.00,0.0,-0.0,0.00
1419,0.000,0.000,0.000,0.00,0.00,0.00,0.00,0.0,-0.0,0.00
1459,0.000,0.000,0.000,1.56,-3.88,1.81,0.00,0.0,-0.0,0.00
1499,4.850,1.400,-3.500,0.19,-1.38,1.00,0.00,0.0,-16.1,6.14
1539,0.720,-1.520,-5.070,-2.50,4.25,6.75,0.00,0.0,64.7,5.34
1579,10.770,-0.280,-2.250,-1.50,1.00,4.06,0.00,0.0,1.5,11.01
1619,13.110,-1.030,1.760,-2.06,4.81,3.25,0.00,0.0,4.5,13.27
1659,7.590,2.070,2.770,-1.56,3.56,2.94,0.00,0.0,-15.3,8.34
1699,8.880,-0.200,1.180,-1.81,2.00,2.69,0.00,0.0,1.3,8.96
1739,6.450,-1.080,0.680,-1.06,-1.38,4.06,0.00,0.0,9.5,6.58
1779,8.670,0.700,-1.490,-1.12,-3.06,2.06,0.00,0.0,-4.6,8.82
1819,9.200,-0.280,1.590,-2.44,2.81,1.88,0.00,0.0,1.7,9.34
1859,5.590,-0.770,-1.830,-1.88,1.25,3.12,0.00,0.0,7.8,5.93
1899,9.020,0.140,3.060,-3.81,3.75,2.75,0.00,0.0,-0.9,9.53
1939,9.410,-1.690,-0.580,-2.12,0.19,2.81,0.00,0.0,10.2,9.58
1979,5.280,1.010,0.220,-0.31,0.50,1.06,0.00,0.0,-10.8,5.38
2019,8.300,0.640,2.190,-4.19,0.31,-1.38,0.00,0.0,-4.4,8.61
2059,13.460,-0.660,-1.510,-1.25,-4.75,1.00,0.00,0.0,2.8,13.56
2099,4.250,-0.130,2.700,2.81,-2.94,-2.75,0.00,0.0,1.8,5.04
2139,9.600,0.740,-1.600,-2.69,1.25,1.31,0.00,0.0,-4.4,9.76
2179,8.940,-2.080,-0.340,-3.38,0.88,3.94,0.00,0.0,13.1,9.19
2219,4.950,0.780,-0.910,1.19,-3.19,-2.06,0.00,0.0,-9.0,5.09
2259,10.620,-0.650,-0.810,-1.19,-1.31,-0.19,0.00,0.0,3.5,10.67
2299,10.040,-1.940,-2.080,0.12,-2.31,4.50,0.00,0.0,10.9,10.44
2339,8.350,-1.290,2.180,-2.50,-2.12,3.19,0.00,0.0,8.8,8.73
2379,9.150,0.010,0.100,0.94,0.44,1.19,0.00,0.0,-0.1,9.15
2419,7.420,-1.220,2.380,-4.12,5.81,3.25,0.00,0.0,9.3,7.89
2459,9.300,-1.520,-1.680,-0.44,1.50,2.25,0.00,0.0,9.3,9.57
2499,8.800,-0.810,1.050,-3.88,4.56,2.38,0.00,0.0,5.3,8.90
2539,5.580,-1.300,-1.380,-2.00,0.81,1.94,0.00,0.0,13.1,5.89
2579,5.200,0.000,-0.800,-1.06,1.50,1.06,0.00,0.0,-0.0,5.26
2619,4.080,-1.100,1.170,-3.81,5.50,4.50,0.00,0.0,15.1,4.38
2659,8.660,-0.380,0.370,-1.00,-1.06,3.19,0.00,0.0,2.5,8.68
2699,11.190,-1.220,-0.060,-1.75,-1.56,2.12,0.00,0.0,6.2,11.26
2739,9.450,-0.610,-1.660,-0.50,-2.38,1.69,0.00,0.0,3.7,9.61
2779,3.390,-0.600,4.900,-0.19,6.25,0.06,0.00,0.0,10.0,5.99
2819,6.980,-0.420,0.110,-4.56,2.88,0.25,0.00,0.0,3.4,6.99
2859,7.790,1.150,-2.990,2.69,-5.38,-3.56,0.00,0.0,-8.4,8.42
2899,9.920,-0.250,1.790,-3.38,-0.06,0.06,0.00,0.0,1.4,10.08
2939,2.360,-0.620,-2.300,-0.88,-3.12,2.88,0.00,0.0,14.7,3.35
2979,12.030,0.000,1.360,-1.56,0.75,-0.38,0.00,0.0,-0.0,12.11
3019,13.850,-1.290,-1.750,-2.81,-1.31,3.38,0.00,0.0,5.3,14.02
3059,12.900,0.370,2.840,0.50,-0.88,-0.12,0.00,0.0,-1.6,13.21
3099,6.690,-0.100,2.600,-1.88,-1.06,-4.00,0.00,0.0,0.9,7.18
3139,4.810,-0.900,-2.140,0.50,-0.56,-2.81,0.00,0.0,10.6,5.34
3179,7.100,-1.540,0.580,-0.25,-0.31,-2.50,0.00,0.0,12.2,7.29
3219,10.490,-0.570,2.210,-0.44,-3.31,0.94,0.00,0.0,3.1,10.74
3259,8.460,-1.240,-0.860,-0.94,-1.88,-3.69,0.00,0.0,8.3,8.59
3299,16.340,-0.090,-0.320,-0.56,-0.38,0.56,0.00,0.0,0.3,16.34
3339,11.590,-0.620,1.870,-1.56,1.38,2.31,0.00,0.0,3.1,11.76
3379,12.430,-1.780,1.360,-1.44,2.31,2.00,0.00,0.0,8.1,12.63
3419,11.380,-1.390,-0.220,-0.75,-2.31,1.94,0.00,0.0,7.0,11.47
3459,8.470,1.620,-1.720,2.69,-3.31,-3.25,0.00,0.0,-10.8,8.79
3499,13.640,-0.930,-1.050,-1.12,-1.38,-0.50,0.00,0.0,3.9,13.71
3539,8.910,2.090,-3.320,2.50,-3.75,-4.50,0.00,0.0,-13.2,9.74
3579,6.740,0.590,1.430,-3.12,3.94,-3.69,0.00,0.0,-5.0,6.92
3619,9.750,0.320,-2.400,0.25,-0.25,-1.94,0.00,0.0,-1.9,10.05
3659,8.380,-0.220,0.220,-0.88,0.25,-2.81,0.00,0.0,1.5,8.39
3699,6.820,-0.350,-0.280,-0.25,-0.56,-2.38,0.00,0.0,2.9,6.83
3739,11.820,-2.050,0.110,-0.12,2.19,0.25,0.00,0.0,9.8,12.00
3779,11.350,-0.970,0.780,0.19,-1.12,0.69,0.00,0.0,4.9,11.42
3819,7.720,0.700,-2.910,0.56,-3.62,-4.12,0.00,0.0,-5.2,8.28
3859,11.580,-0.020,2.270,0.56,1.00,-1.88,0.00,0.0,0.1,11.80
3899,7.810,-0.680,0.010,-0.81,-0.06,-1.25,0.00,0.0,5.0,7.84
3939,10.710,-0.060,0.360,0.69,0.00,-2.31,0.00,0.0,0.3,10.72
3979,7.850,-0.750,0.140,-0.88,-0.38,-3.94,0.00,0.0,5.5,7.89
4019,10.180,0.890,0.040,-0.50,-1.50,-7.12,0.00,0.0,-5.0,10.22
4059,10.740,1.090,0.100,1.31,-3.81,-5.81,0.00,0.0,-5.8,10.80
4099,5.390,-0.290,-2.170,1.88,-0.88,-4.06,0.00,0.0,3.1,5.82
4139,9.920,0.740,1.350,-2.00,0.88,0.12,0.00,0.0,-4.3,10.04
4179,8.650,-1.190,3.040,0.81,-3.69,-1.19,0.00,0.0,7.8,9.25
4219,14.040,0.140,-2.540,0.12,-2.00,-3.25,0.00,0.0,-0.6,14.27
4259,17.270,0.330,3.580,-1.62,0.19,-3.62,0.00,0.0,-1.1,17.64
4299,4.840,-1.320,0.120,-0.56,0.44,3.69,0.00,0.0,15.3,5.02
4339,6.380,0.620,1.190,0.88,2.75,-1.25,0.00,0.0,-5.6,6.52
4379,7.930,-0.990,1.660,-2.31,4.44,0.88,0.00,0.0,7.1,8.16
4419,9.200,-1.120,-1.960,-0.12,-2.62,1.56,0.00,0.0,6.9,9.47
4459,13.940,-0.460,1.060,-0.38,0.31,-0.56,0.00,0.0,1.9,13.99
4499,14.470,2.970,-1.810,0.81,-4.12,-0.69,0.00,0.0,-11.6,14.88
4539,9.100,0.850,-0.230,-0.19,1.25,-3.50,0.00,0.0,-5.3,9.14
4579,9.880,0.750,-4.390,-1.69,-0.06,-3.56,0.00,0.0,-4.3,10.84
4619,4.980,2.530,0.390,3.44,-6.25,-7.00,0.00,0.0,-26.9,5.60
4659,10.180,0.400,2.980,1.12,0.06,-0.88,0.00,0.0,-2.3,10.61
4699,4.650,-0.860,0.930,-2.12,1.56,0.81,0.00,0.0,10.5,4.82
4739,7.800,0.220,-0.430,-0.31,0.19,-0.50,0.00,0.0,-1.6,7.81
4779,11.780,0.340,1.750,-1.62,0.06,0.81,0.00,0.0,-1.7,11.91
4819,7.690,-0.350,2.670,-1.06,3.00,-1.19,0.00,0.0,2.6,8.15
4859,8.210,-1.610,-0.690,0.38,-2.31,-1.19,0.00,0.0,11.1,8.39
4899,12.730,-1.960,-1.090,-1.12,3.12,2.75,0.00,0.0,8.8,12.93
4939,9.050,0.260,2.400,1.06,-2.00,1.38,0.00,0.0,-1.6,9.37
4979,8.340,-0.220,-3.160,-0.62,4.38,0.44,0.00,0.0,1.5,8.92
5019,8.730,0.590,1.770,-3.44,4.31,4.69,0.00,0.0,-3.9,8.93
5059,11.000,0.580,0.110,0.81,1.00,2.25,0.00,0.0,-3.0,11.02
5099,7.220,-0.270,2.990,-2.88,2.31,2.00,0.00,0.0,2.1,7.82
5139,10.150,-1.550,-1.250,1.12,-3.06,1.75,0.00,0.0,8.7,10.34
5179,3.820,0.010,-0.280,-1.00,7.56,2.81,0.00,0.0,-0.1,3.83
5219,8.700,-0.200,4.560,-6.19,0.81,4.38,0.00,0.0,1.3,9.82
5259,3.540,1.570,-8.650,6.62,-6.19,-3.81,0.00,0.0,-23.9,9.48
5299,8.110,-0.240,-3.600,6.19,-7.69,2.31,0.00,0.0,1.7,8.88
5339,10.630,2.080,3.140,-1.44,2.56,0.06,0.00,0.0,-11.1,11.28
5379,4.380,0.120,1.380,-0.12,2.31,1.31,0.00,0.0,-1.6,4.59
5419,10.500,-1.220,0.760,-1.88,4.88,5.38,0.00,0.0,6.6,10.60
5459,8.940,-1.660,-2.750,-1.94,-2.38,5.38,0.00,0.0,10.5,9.50
5499,11.650,-0.110,3.840,-1.56,2.88,-0.56,0.00,0.0,0.5,12.27
5539,11.780,0.590,0.000,1.50,-1.44,-2.69,0.00,0.0,-2.9,11.79
5579,2.530,-0.350,-0.660,0.44,1.62,0.19,0.00,0.0,7.9,2.64
5619,10.860,-1.240,1.820,-3.31,3.81,1.19,0.00,0.0,6.5,11.08
5659,12.400,-0.150,0.900,0.00,0.94,-1.62,0.00,0.0,0.7,12.43
5699,11.810,-0.660,4.900,-1.38,2.31,-2.12,0.00,0.0,3.2,12.80
5739,11.360,1.270,-4.550,2.19,-2.44,-4.56,0.00,0.0,-6.4,12.30
5779,12.640,2.690,-1.500,0.50,2.69,-7.69,0.00,0.0,-12.0,13.01
5819,7.820,0.350,0.000,0.25,6.94,-4.88,0.00,0.0,-2.6,7.83
5859,8.890,0.530,1.700,-1.06,5.81,-3.25,0.00,0.0,-3.4,9.07
5899,11.880,0.720,2.580,0.31,-0.81,-5.25,0.00,0.0,-3.5,12.18
5939,13.050,-0.070,1.380,0.94,-0.19,-7.56,0.00,0.0,0.3,13.12
5979,8.730,0.030,1.790,-2.00,1.69,-2.56,28.07,283.0,-0.2,8.91
6019,11.560,1.220,1.120,4.00,1.50,-5.38,28.07,283.0,-6.0,11.68
6059,7.470,-1.550,-0.420,0.56,1.62,-1.38,28.07,283.0,11.7,7.64
6099,8.150,-1.680,-0.840,1.69,1.38,1.00,28.07,283.0,11.6,8.36
6139,8.160,-0.210,2.680,-0.31,0.75,-3.00,28.07,283.0,1.5,8.59
6179,10.690,-0.820,-1.770,3.00,-7.19,-3.19,28.07,283.0,4.4,10.87
6219,15.390,0.330,-2.040,3.38,-4.12,-6.75,28.07,283.0,-1.2,15.53
6259,11.770,-1.190,-6.380,2.81,3.12,-6.88,28.07,283.0,5.8,13.44
6299,1.940,-1.640,-2.530,4.19,-1.56,2.19,28.07,283.0,40.2,3.59
6339,9.060,-1.240,-1.080,-0.19,-2.44,5.31,28.07,283.0,7.8,9.21
6379,9.560,0.040,-1.250,1.50,-2.31,-2.12,28.07,283.0,-0.2,9.64
6419,11.870,2.610,-2.960,3.12,-7.19,-6.19,28.07,283.0,-12.4,12.51
6459,9.730,-2.330,3.890,-0.88,4.19,3.31,28.07,283.0,13.5,10.73
6499,3.710,-0.680,0.700,-1.81,2.69,0.69,28.07,283.0,10.4,3.84
6539,6.590,-0.920,0.650,0.00,0.75,-3.00,28.07,283.0,7.9,6.69
6579,14.290,-1.080,-2.340,0.62,-4.06,-0.31,28.07,283.0,4.3,14.52
6619,11.330,0.840,5.450,0.00,3.69,-1.69,28.07,283.0,-4.2,12.60
6659,10.750,1.870,-2.540,4.12,-1.81,-1.50,28.07,283.0,-9.9,11.20
6699,11.610,1.550,4.090,-1.12,7.69,-1.81,28.07,283.0,-7.6,12.41
6739,3.780,0.530,2.910,1.62,3.69,3.44,28.07,283.0,-8.0,4.80
6779,7.570,-2.710,1.670,-2.56,3.69,7.19,28.07,283.0,19.7,8.21
6819,10.510,-1.690,2.200,0.38,-0.38,5.75,28.07,283.0,9.1,10.87
6859,10.050,-1.910,-2.810,2.25,-2.50,2.56,28.07,283.0,10.8,10.61
6899,8.620,-1.590,-0.330,-1.06,7.81,3.06,28.07,283.0,10.5,8.77
6939,13.190,-0.290,-3.090,1.94,1.00,0.69,27.36,283.1,1.3,13.55
6979,10.060,2.860,2.380,-0.12,5.56,-3.19,27.36,283.1,-15.9,10.73
7019,8.360,-0.580,2.850,-1.94,5.06,0.12,27.36,283.1,4.0,8.85
7059,7.360,1.010,2.830,1.00,1.56,-5.38,27.36,283.1,-7.8,7.95
7099,10.780,-0.700,2.170,-1.06,-2.25,-2.19,27.36,283.1,3.7,11.02
7139,2.550,-0.460,-5.200,4.25,-3.62,-1.38,27.36,283.1,10.2,5.81
7179,7.870,1.720,-3.530,0.56,3.44,1.81,27.36,283.1,-12.3,8.80
7219,14.600,-0.250,1.830,-0.44,-0.25,-0.81,27.36,283.1,1.0,14.72
7259,12.320,2.550,-7.170,0.06,-5.75,-1.81,27.36,283.1,-11.7,14.48
7299,6.490,0.610,1.510,0.81,-2.06,1.06,27.36,283.1,-5.4,6.69
7339,8.280,0.990,2.060,2.38,-1.00,2.19,27.36,283.1,-6.8,8.59
7379,7.690,-0.200,0.190,-0.69,-1.12,2.00,27.36,283.1,1.5,7.69
7419,16.270,0.280,-0.430,1.19,-5.00,0.69,27.36,283.1,-1.0,16.28
7459,11.230,1.460,3.360,1.44,-0.81,-0.50,27.36,283.1,-7.4,11.81
7499,2.550,-0.190,-3.910,0.81,-1.75,3.81,27.36,283.1,4.3,4.67
7539,13.730,-3.280,-1.290,-1.56,-3.69,8.44,27.36,283.1,13.4,14.18
7579,6.420,-0.480,-4.460,4.56,-8.56,3.31,27.36,283.1,4.3,7.83
7619,8.550,1.710,-0.960,3.06,-2.31,-0.56,27.36,283.1,-11.3,8.77
7659,11.720,-0.840,0.760,-0.56,0.19,2.25,27.36,283.1,4.1,11.77
7699,11.840,1.030,1.350,0.31,-1.44,0.50,27.36,283.1,-5.0,11.96
7739,13.890,0.990,-1.120,1.19,0.44,-0.62,27.36,283.1,-4.1,13.97
7779,6.020,1.110,-5.310,1.12,-1.88,-2.44,27.36,283.1,-10.4,8.10
7819,13.990,1.900,0.520,-1.12,-0.50,1.94,27.36,283.1,-7.7,14.13
7859,10.280,2.170,-0.440,-2.12,5.12,-3.25,27.36,283.1,-11.9,10.52
7899,5.920,1.360,0.680,-0.38,5.38,-2.69,27.36,283.1,-12.9,6.11
7939,9.720,0.540,1.040,-2.12,2.88,-0.38,27.14,282.4,-3.2,9.79
7979,12.830,0.630,-1.000,-0.12,1.62,-1.38,27.14,282.4,-2.8,12.88
8019,10.560,1.530,1.250,-1.06,0.00,-1.81,27.14,282.4,-8.2,10.74
8059,5.850,0.270,-1.850,-1.25,4.88,0.25,27.14,282.4,-2.6,6.14
8099,8.440,0.000,4.010,-2.25,1.62,0.94,27.14,282.4,-0.0,9.34
8139,8.320,-1.310,-2.250,2.44,-5.56,1.81,27.14,282.4,8.9,8.72
8179,6.270,-0.280,1.220,1.50,-1.38,1.62,27.14,282.4,2.6,6.39
8219,8.970,-1.420,-0.830,-0.25,-2.00,1.81,27.14,282.4,9.0,9.12
8259,14.790,-0.520,6.080,0.25,3.00,1.00,27.14,282.4,2.0,16.00
8299,14.040,-0.570,4.760,-2.62,6.56,1.25,27.14,282.4,2.3,14.84
8339,8.310,1.270,0.180,-2.44,-3.88,-1.00,27.14,282.4,-8.7,8.41
8379,6.780,0.090,2.150,-0.25,-0.19,1.31,27.14,282.4,-0.8,7.11
8419,11.310,0.840,-0.070,1.00,-4.19,-1.25,27.14,282.4,-4.2,11.34
8459,15.750,2.200,-2.530,0.50,-4.31,-3.44,27.14,282.4,-8.0,16.10
8499,7.150,-1.270,-1.610,-0.38,-0.94,3.06,27.14,282.4,10.1,7.44
8539,15.850,1.850,3.210,-3.94,3.25,4.31,27.14,282.4,-6.7,16.28
8579,17.200,-0.150,-3.840,2.19,-4.94,1.38,27.14,282.4,0.5,17.62
8619,8.990,0.250,-5.740,10.44,-15.38,1.81,27.14,282.4,-1.6,10.67
8659,9.580,1.190,-7.200,0.88,1.06,-1.12,27.14,282.4,-7.1,12.04
8699,11.100,-0.140,-2.430,-1.12,6.06,-1.81,27.14,282.4,0.7,11.36
8739,8.720,0.360,-1.140,0.06,3.50,-1.25,27.14,282.4,-2.4,8.80
8779,13.640,0.000,0.320,-2.19,0.31,0.38,27.14,282.4,-0.0,13.64
8819,7.640,1.410,2.770,0.69,2.81,-1.56,27.14,282.4,-10.5,8.25
8859,5.500,2.250,-1.580,0.56,-3.69,-2.62,27.14,282.4,-22.2,6.15
8899,11.650,1.870,-2.490,-0.75,-2.69,-3.62,27.14,282.4,-9.1,12.06
8939,11.250,1.650,-1.140,1.31,-3.19,-3.81,27.20,282.2,-8.3,11.43
8979,2.960,-1.090,0.620,-0.88,0.25,3.38,27.20,282.2,20.2,3.21
9019,9.710,-0.910,1.930,-1.19,-2.38,4.38,27.20,282.2,5.4,9.94
9059,7.720,-1.100,-6.090,-0.44,-5.00,0.94,27.20,282.2,8.1,9.89
9099,15.840,1.140,0.830,-1.12,0.75,0.81,27.20,282.2,-4.1,15.90
9139,8.960,3.940,1.780,0.62,3.38,-3.00,27.20,282.2,-23.7,9.95
9179,12.430,3.170,1.810,-0.25,5.19,-5.50,27.20,282.2,-14.3,12.95
9219,9.190,0.910,2.960,-3.31,5.56,-0.44,27.20,282.2,-5.7,9.70
9259,8.570,0.170,-0.360,0.75,-0.69,-0.81,27.20,282.2,-1.1,8.58
9299,10.910,0.070,1.280,0.19,1.44,-0.62,27.20,282.2,-0.4,10.99
9339,10.160,-0.280,0.130,-0.50,-0.88,0.81,27.20,282.2,1.6,10.16
9379,7.240,-0.090,1.620,0.00,0.44,-1.44,27.20,282.2,0.7,7.42
9419,13.050,-0.990,2.700,-0.88,-0.50,-1.50,27.20,282.2,4.3,13.36
9459,7.510,-0.770,0.050,1.12,-0.75,1.12,27.20,282.2,5.9,7.55
9499,4.040,-0.560,3.020,-1.69,2.19,1.31,27.20,282.2,7.9,5.07
9539,14.720,-0.040,-0.090,1.25,-3.56,-0.81,27.20,282.2,0.2,14.72
9579,8.950,1.130,-0.470,-0.44,-0.38,-1.12,27.20,282.2,-7.2,9.03
9619,11.700,3.970,0.970,-1.44,4.69,-1.12,27.20,282.2,-18.7,12.39
9659,7.830,1.500,1.560,0.12,1.00,0.06,27.20,282.2,-10.8,8.12
9699,7.530,-0.500,-2.050,-0.75,-3.69,1.62,27.20,282.2,3.8,7.82
9739,6.540,-0.170,-0.440,1.50,-0.69,0.31,27.20,282.2,1.5,6.56
9779,11.590,-0.570,-0.780,-1.69,-0.12,0.31,27.20,282.2,2.8,11.63
9819,12.190,-0.260,-1.050,1.94,-3.94,1.69,27.20,282.2,1.2,12.24
9859,12.300,0.210,1.100,0.50,-0.75,-0.94,27.20,282.2,-1.0,12.35
9899,14.150,-0.440,-0.800,3.25,-2.31,-0.75,27.20,282.2,1.8,14.18
9939,7.920,0.630,-1.780,1.56,-0.62,-0.12,27.23,281.8,-4.5,8.14
9979,11.760,0.510,2.140,-0.44,2.31,-0.44,27.23,281.8,-2.5,11.96
10019,12.910,0.320,0.780,-0.88,4.31,-0.12,27.23,281.8,-1.4,12.94
10059,17.450,0.960,0.890,-1.19,3.44,2.06,27.23,281.8,-3.1,17.50
10099,17.800,-1.250,4.960,1.19,3.81,5.19,27.23,281.8,4.0,18.52
10139,9.840,0.430,0.510,-1.25,4.56,1.69,27.23,281.8,-2.5,9.86
10179,8.830,1.760,0.060,-1.31,5.75,2.12,27.23,281.8,-11.3,9.00
10219,7.770,1.570,2.500,-3.62,3.56,-3.00,27.23,281.8,-11.4,8.31
10259,5.690,0.040,0.660,-1.06,3.12,-1.31,27.23,281.8,-0.4,5.73
10299,6.740,1.310,-0.930,0.06,0.50,-3.06,27.23,281.8,-11.0,6.93
10339,12.160,-0.520,5.260,-5.81,6.56,1.00,27.23,281.8,2.4,13.26
10379,9.840,0.270,3.420,0.06,-1.69,1.94,27.23,281.8,-1.6,10.42
10419,6.280,-0.190,-0.730,-0.50,-1.69,-0.44,27.23,281.8,1.7,6.33
10459,7.470,-1.020,-0.330,-0.88,-8.00,1.75,27.23,281.8,7.8,7.55
10499,10.370,-1.110,-5.380,5.44,-8.88,2.06,27.23,281.8,6.1,11.74
10539,11.210,-0.790,-3.160,2.88,-6.44,-0.06,27.23,281.8,4.0,11.67
10579,11.470,0.770,-1.080,1.19,-0.25,-2.62,27.23,281.8,-3.8,11.55
10619,11.050,0.280,2.530,-0.81,3.19,-0.31,27.23,281.8,-1.5,11.34
10659,10.060,0.000,1.390,-2.31,-0.50,3.44,27.23,281.8,-0.0,10.16
10699,9.420,0.030,1.100,-0.94,-0.38,0.81,27.23,281.8,-0.2,9.48
10739,6.630,-0.750,0.190,2.44,-1.06,0.94,27.23,281.8,6.5,6.67
10779,11.080,1.200,2.490,-3.88,3.38,-0.69,27.23,281.8,-6.2,11.42
10819,17.180,0.460,-1.110,-2.06,-0.88,0.25,27.23,281.8,-1.5,17.22
10859,16.600,-0.140,-3.880,4.44,-6.75,-1.50,27.23,281.8,0.5,17.05
10899,13.030,4.450,1.060,7.06,-5.12,6.88,27.23,281.8,-18.9,13.81
10939,9.830,2.650,4.620,4.62,1.00,-0.44,27.23,281.8,-15.1,11.18
10979,9.060,-1.280,-3.600,-1.69,0.31,5.56,27.36,282.0,8.0,9.83
11019,7.760,0.130,2.160,-2.81,1.62,-1.19,27.36,282.0,-1.0,8.06
11059,5.310,0.330,0.820,2.06,-0.94,-3.56,27.36,282.0,-3.6,5.38
11099,12.040,1.410,-0.080,-0.88,1.50,0.44,27.36,282.0,-6.7,12.12
11139,10.340,1.760,1.260,-0.19,-0.81,1.38,27.36,282.0,-9.7,10.56
11179,3.450,0.210,0.950,3.69,-2.56,-2.06,27.36,282.0,-3.5,3.58
11219,12.500,1.040,2.260,0.44,-2.19,0.44,27.36,282.0,-4.8,12.75
11259,9.600,0.150,-1.730,1.25,-3.44,2.00,27.36,282.0,-0.9,9.76
11299,3.230,0.740,-1.700,1.88,-1.56,-1.00,27.36,282.0,-12.9,3.72
11339,8.600,0.610,2.000,-0.44,3.25,-1.19,27.36,282.0,-4.1,8.85
11379,3.160,-1.010,1.880,0.31,4.38,4.25,27.36,282.0,17.7,3.81
11419,5.990,1.030,3.120,-4.94,5.75,0.19,27.36,282.0,-9.8,6.83
11459,2.390,-0.030,-1.850,-0.88,-2.19,0.12,27.36,282.0,0.7,3.02
11499,12.920,-0.390,-1.570,-1.81,-2.81,2.50,27.36,282.0,1.7,13.02
11539,9.180,3.470,-0.240,2.12,-2.88,-1.25,27.36,282.0,-20.7,9.82
11579,12.360,1.930,5.290,6.12,-2.00,0.31,27.36,282.0,-8.9,13.58
11619,10.320,1.360,-2.190,-1.38,1.69,-1.00,27.36,282.0,-7.5,10.64
11659,7.020,-0.760,1.140,0.56,-1.25,0.81,27.36,282.0,6.2,7.15
11699,9.910,1.980,2.190,-1.38,2.56,-2.31,27.36,282.0,-11.3,10.34
11739,11.160,0.410,1.700,-0.31,1.50,1.50,27.36,282.0,-2.1,11.30
11779,3.110,-1.570,0.120,-0.06,2.94,3.19,27.36,282.0,26.8,3.49
11819,12.920,0.060,-0.890,-3.56,2.75,4.19,27.36,282.0,-0.3,12.95
11859,8.790,0.690,-3.010,-0.19,-2.50,1.31,27.36,282.0,-4.5,9.32
11899,10.070,-0.400,-0.140,0.19,1.19,4.19,27.36,282.0,2.3,10.08
11939,12.680,1.690,1.720,-2.06,2.06,1.25,27.16,281.4,-7.6,12.91
11979,8.110,0.940,2.990,-3.25,-0.19,1.38,27.16,281.4,-6.6,8.69
12019,9.480,0.500,-2.590,0.19,2.25,0.75,27.16,281.4,-3.0,9.84
12059,13.540,0.450,0.080,-1.19,1.94,2.75,27.16,281.4,-1.9,13.55
12099,9.720,2.140,1.980,-0.06,2.06,2.69,27.16,281.4,-12.4,10.15
12139,11.270,0.470,2.990,-1.31,0.88,2.06,27.16,281.4,-2.4,11.67
12179,13.650,-0.110,0.780,-0.38,-1.31,2.75,27.16,281.4,0.5,13.67
12219,0.990,0.310,-1.690,0.06,-0.69,1.00,27.16,281.4,-17.4,1.98
12259,4.750,0.950,-1.310,-3.88,-2.31,-3.38,27.16,281.4,-11.3,5.02
12299,11.290,1.470,-1.460,1.25,-3.69,-1.75,27.16,281.4,-7.4,11.48
12339,4.360,-0.340,0.640,0.25,3.00,0.56,27.16,281.4,4.5,4.42
12379,10.160,-0.240,-1.640,-6.25,2.56,2.00,27.16,281.4,1.4,10.29
12419,11.150,1.770,1.820,-0.38,2.38,-1.38,27.16,281.4,-9.0,11.44
12459,11.830,1.150,0.060,-0.81,-0.50,0.56,27.16,281.4,-5.6,11.89
12499,9.910,1.350,1.800,2.94,-4.81,-0.62,27.16,281.4,-7.8,10.16
12539,9.180,-0.220,-1.780,-2.38,0.12,1.38,27.16,281.4,1.4,9.35
12579,13.390,0.580,3.830,0.75,-0.25,1.69,27.16,281.4,-2.5,13.94
12619,13.190,-0.700,2.140,-4.19,3.31,3.00,27.16,281.4,3.0,13.38
12659,9.050,-0.070,-0.660,-0.38,-0.69,2.69,27.16,281.4,0.4,9.07
12699,8.880,-0.200,2.150,-1.94,1.88,2.38,27.16,281.4,1.3,9.14
12739,9.030,-0.750,-0.180,0.62,-2.00,2.88,27.16,281.4,4.7,9.06
12779,18.290,-1.580,2.150,-1.94,4.62,3.56,27.16,281.4,4.9,18.48
12819,12.740,0.270,2.310,1.88,-6.69,-0.81,27.16,281.4,-1.2,12.95
12859,9.150,1.080,-5.360,1.88,1.56,-5.44,27.16,281.4,-6.7,10.66
12899,13.120,0.370,1.610,-2.69,-1.62,-3.31,27.16,281.4,-1.6,13.22
12939,11.360,3.040,-1.360,0.56,-3.62,-1.81,27.16,281.4,-15.0,11.84
12979,11.540,1.200,1.970,-2.44,1.38,-0.50,27.28,281.9,-5.9,11.77
13019,12.130,-0.070,-2.010,-0.06,1.31,-0.12,27.28,281.9,0.3,12.30
13059,17.480,-1.750,-0.340,1.75,-4.25,1.75,27.28,281.9,5.7,17.57
13099,16.640,0.180,-4.440,3.31,-4.38,-1.00,27.28,281.9,-0.6,17.22
13139,12.750,1.040,-1.020,-2.06,1.50,-3.44,27.28,281.9,-4.7,12.83
13179,11.550,0.890,-2.240,-1.06,2.56,-0.44,27.28,281.9,-4.4,11.80
13219,7.750,2.610,-1.440,-2.38,7.50,-1.94,27.28,281.9,-18.6,8.30
13259,10.690,1.270,1.250,-5.12,4.56,-4.94,27.28,281.9,-6.8,10.84
13299,6.540,1.890,-1.030,-1.38,-3.31,-1.19,27.28,281.9,-16.1,6.89
13339,3.920,1.990,2.300,2.06,0.12,-4.25,27.28,281.9,-26.9,4.96
13379,6.910,-0.130,-3.230,-2.81,1.31,-0.38,27.28,281.9,1.1,7.63
13419,-0.710,-1.370,1.750,0.62,-4.31,-1.44,27.28,281.9,117.4,2.33
13459,4.060,0.810,4.040,4.94,1.38,-4.50,27.28,281.9,-11.3,5.78
13499,11.920,0.910,2.490,-4.44,5.69,0.31,27.28,281.9,-4.4,12.21
13539,8.060,2.580,-1.780,-2.19,-3.31,-4.62,27.28,281.9,-17.7,8.65
13579,6.610,-0.060,-3.390,-3.50,-4.31,-0.44,27.28,281.9,0.5,7.43
13619,15.280,2.820,2.140,-1.56,-1.44,0.19,27.28,281.9,-10.5,15.68
13659,13.600,2.320,-1.040,2.81,-4.62,-5.25,27.28,281.9,-9.7,13.84
13699,1.280,-0.390,-0.260,-3.12,1.81,4.06,27.28,281.9,16.9,1.36
13739,10.300,1.270,1.180,-3.12,-3.88,1.12,27.28,281.9,-7.0,10.44
13779,12.510,0.570,-2.470,-0.25,-5.00,-1.50,27.28,281.9,-2.6,12.76
13819,4.740,2.700,-10.380,2.44,-4.94,-3.88,27.28,281.9,-29.7,11.73
13859,8.040,2.100,-2.260,-4.50,7.94,-0.19,27.28,281.9,-14.6,8.61
13899,6.320,2.640,6.380,-8.00,7.81,4.06,27.28,281.9,-22.7,9.36
13939,11.900,0.790,2.700,-1.06,0.81,-0.31,27.21,282.0,-3.8,12.23
13979,7.770,-1.180,-1.410,-0.06,-3.00,2.56,27.21,282.0,8.6,7.98
14019,10.150,-1.380,-0.420,-1.25,0.38,4.19,27.21,282.0,7.7,10.25
14059,5.820,0.190,-0.380,-1.25,-0.31,4.06,27.21,282.0,-1.9,5.84
14099,10.890,-0.640,-3.800,-0.19,-0.56,3.12,27.21,282.0,3.4,11.55
14139,12.240,-0.430,0.840,-2.19,5.25,2.62,27.21,282.0,2.0,12.28
14179,7.690,-0.320,0.490,-3.00,0.88,4.25,27.21,282.0,2.4,7.71
14219,10.820,1.090,-1.780,-1.25,-0.38,1.31,27.21,282.0,-5.8,11.02
14259,10.410,0.840,0.020,-0.62,-0.38,2.25,27.21,282.0,-4.6,10.44
14299,5.430,-1.330,-4.260,-4.38,-0.69,4.50,27.21,282.0,13.8,7.03
14339,15.620,2.870,2.470,-0.88,0.06,1.88,27.21,282.0,-10.4,16.07
14379,5.030,-0.190,-1.860,-4.19,4.12,2.81,27.21,282.0,2.2,5.37
14419,8.860,-1.350,-6.330,-0.44,-2.81,1.94,27.21,282.0,8.7,10.97
14459,6.600,1.270,3.950,-7.94,8.25,-1.88,27.21,282.0,-10.9,7.80
14499,6.150,2.430,4.980,-5.12,6.88,-3.50,27.21,282.0,-21.6,8.28
14539,10.540,-2.900,1.590,-5.50,2.31,6.56,27.21,282.0,15.4,11.05
14579,8.390,-0.820,2.150,-4.00,-2.69,7.75,27.21,282.0,5.6,8.70
14619,8.800,-0.580,-1.030,-0.94,-1.88,2.12,27.21,282.0,3.8,8.88
14659,17.470,-2.690,3.290,-4.62,-2.12,4.12,27.21,282.0,8.8,17.98
14699,14.420,0.030,-2.000,2.69,-7.81,0.81,27.21,282.0,-0.1,14.56
14739,8.600,0.620,-0.820,-2.44,-1.69,-2.25,27.21,282.0,-4.1,8.66
14779,9.810,-0.580,-4.560,0.56,-3.00,0.38,27.21,282.0,3.4,10.83
14819,8.380,-1.110,1.130,-3.56,0.25,4.81,27.21,282.0,7.5,8.53
14859,9.740,-0.040,-0.280,-1.56,-2.00,2.31,27.21,282.0,0.2,9.74
14899,8.820,0.680,1.320,-5.12,1.00,-0.06,27.21,282.0,-4.4,8.94
14939,14.020,0.380,-0.530,-0.81,-4.00,0.94,27.21,282.0,-1.6,14.04
14979,14.280,1.140,-0.700,-3.31,0.50,-0.12,27.28,283.6,-4.6,14.34
15019,10.300,-0.570,-7.720,-0.88,-6.75,1.69,27.28,283.6,3.2,12.88
15059,3.150,-0.300,-6.830,-3.25,-0.62,0.25,27.28,283.6,5.4,7.53
15099,8.120,0.050,-1.640,-3.38,1.69,1.94,27.28,283.6,-0.4,8.28
15139,10.790,-1.150,-0.950,-3.31,0.56,2.31,27.28,283.6,6.1,10.89
15179,14.500,0.110,3.980,-5.69,1.88,2.50,27.28,283.6,-0.4,15.04
15219,10.080,0.030,-1.700,-4.31,-3.00,3.81,27.28,283.6,-0.2,10.22
15259,8.240,-0.990,-1.020,-3.19,-2.44,4.88,27.28,283.6,6.9,8.36
15299,8.080,-0.510,1.200,-5.00,1.88,3.19,27.28,283.6,3.6,8.18
15339,7.660,-0.570,-2.510,-5.31,-0.75,4.38,27.28,283.6,4.3,8.08
15379,3.340,0.570,4.310,-3.56,1.94,1.94,27.28,283.6,-9.7,5.48
15419,8.730,0.130,-1.140,-4.12,2.62,2.38,27.28,283.6,-0.9,8.81
15459,8.090,0.220,0.570,-5.94,1.50,2.56,27.28,283.6,-1.6,8.11
15499,8.190,0.080,1.470,-4.00,-2.19,3.44,27.28,283.6,-0.6,8.32
15539,8.470,-0.510,0.230,-4.94,-1.06,5.44,27.28,283.6,3.4,8.49
15579,11.520,-1.250,0.360,-7.19,-1.06,6.00,27.28,283.6,6.2,11.59
15619,9.070,-0.210,2.350,-1.56,-2.75,6.75,27.28,283.6,1.3,9.37
15659,12.470,-0.240,0.890,-5.81,-0.94,5.12,27.28,283.6,1.1,12.50
15699,8.020,0.150,-3.580,-3.31,-4.50,4.50,27.28,283.6,-1.1,8.78
15739,7.200,-0.910,0.950,-6.00,3.00,5.62,27.28,283.6,7.2,7.32
15779,15.130,0.150,1.570,-7.12,-0.94,4.12,27.28,283.6,-0.6,15.21
15819,9.920,0.510,1.840,-3.81,1.06,5.31,27.28,283.6,-2.9,10.10
15859,7.010,-0.460,3.210,-8.06,0.94,4.25,27.28,283.6,3.8,7.72
15899,5.990,-2.500,-6.460,-2.56,-5.00,8.69,27.28,283.6,22.7,9.16
15939,6.710,0.620,-2.110,-4.69,1.19,3.12,27.06,286.5,-5.3,7.06
15979,10.600,-0.150,-1.320,-2.94,-0.31,4.38,27.06,286.5,0.8,10.68
16019,4.780,0.570,-0.710,-5.56,3.06,5.75,27.06,286.5,-6.8,4.87
16059,10.840,-0.970,1.850,-6.56,-0.12,3.38,27.06,286.5,5.1,11.04
16099,10.630,-1.020,-4.590,-4.69,4.56,1.25,27.06,286.5,5.5,11.62
16139,11.910,-0.880,0.640,-6.19,2.12,3.94,27.06,286.5,4.2,11.96
16179,9.280,0.760,1.130,-4.62,-0.50,2.81,27.06,286.5,-4.7,9.38
16219,10.180,0.090,3.110,-5.44,2.31,3.88,27.06,286.5,-0.5,10.64
16259,7.020,-0.520,-0.580,-4.94,0.50,4.00,27.06,286.5,4.2,7.06
16299,8.350,-0.540,3.070,-4.69,-1.75,3.62,27.06,286.5,3.7,8.91
16339,14.560,-1.890,0.840,-6.06,-2.75,4.81,27.06,286.5,7.4,14.71
16379,7.570,-0.200,-1.320,-4.50,-1.19,3.56,27.06,286.5,1.5,7.69
16419,15.130,2.150,0.470,-4.56,0.88,-0.38,27.06,286.5,-8.1,15.29
16459,9.340,0.160,4.410,-5.56,6.75,-0.38,27.06,286.5,-1.0,10.33
16499,9.200,-1.560,-0.910,-6.88,1.62,3.06,27.06,286.5,9.6,9.38
16539,6.410,-1.400,-1.120,-6.00,0.12,2.75,27.06,286.5,12.3,6.66
16579,9.720,-0.700,4.170,-7.44,5.00,2.75,27.06,286.5,4.1,10.60
16619,13.060,-1.520,-5.940,-3.06,-5.25,3.12,27.06,286.5,6.6,14.43
16659,10.570,0.660,-2.100,-6.19,4.31,-0.75,27.06,286.5,-3.6,10.80
16699,7.350,-1.560,0.970,-7.62,4.25,-0.06,27.06,286.5,12.0,7.58
16739,7.270,-0.460,-0.450,-5.38,3.00,0.12,27.06,286.5,3.6,7.30
16779,5.130,-0.960,-0.540,-6.56,-0.94,0.81,27.06,286.5,10.6,5.25
16819,14.610,0.410,-4.080,-3.44,-5.06,1.12,27.06,286.5,-1.6,15.17
16859,10.060,0.400,0.870,-7.94,2.62,-1.12,27.06,286.5,-2.3,10.11
16899,10.760,0.420,1.120,-6.44,-1.50,-2.56,27.06,286.5,-2.2,10.83
16939,12.510,0.230,0.030,-6.25,3.06,-3.19,27.00,290.6,-1.1,12.51
16979,7.720,-1.220,1.250,-8.81,2.06,1.00,27.00,290.6,9.0,7.92
17019,10.390,0.250,1.250,-5.19,1.06,0.94,27.00,290.6,-1.4,10.47
17059,12.850,-1.140,0.680,-8.38,0.38,3.12,27.00,290.6,5.1,12.92
17099,7.660,1.280,-1.210,-3.31,-2.69,-0.19,27.00,290.6,-9.5,7.86
17139,7.740,-0.990,1.160,-6.12,3.00,1.56,27.00,290.6,7.3,7.89
17179,9.710,-0.260,-1.420,-6.62,1.25,2.25,27.00,290.6,1.5,9.82
17219,9.100,-0.490,1.540,-4.56,-2.62,1.50,27.00,290.6,3.1,9.24
17259,9.740,1.590,0.530,-4.56,-1.94,-2.00,27.00,290.6,-9.3,9.88
17299,10.130,0.660,0.500,-6.88,2.50,1.12,27.00,290.6,-3.7,10.16
17339,7.270,-2.220,-2.970,-9.31,2.38,4.50,27.00,290.6,17.0,8.16
17379,10.920,0.470,-0.600,-3.56,-0.62,0.06,27.00,290.6,-2.5,10.95
17419,10.880,-0.160,2.110,-8.44,6.19,0.81,27.00,290.6,0.8,11.08
17459,4.140,-0.630,-1.860,-5.56,1.50,3.00,27.00,290.6,8.7,4.58
17499,12.700,0.700,4.590,-10.12,4.38,1.31,27.00,290.6,-3.2,13.52
17539,7.840,0.100,0.140,-7.38,-1.19,2.12,27.00,290.6,-0.7,7.84
17579,10.570,-0.220,-2.660,-4.69,-2.38,1.44,27.00,290.6,1.2,10.90
17619,16.410,0.210,2.130,-9.06,1.25,-0.31,27.00,290.6,-0.7,16.55
17659,11.860,1.110,1.440,-4.88,3.50,-0.81,27.00,290.6,-5.3,12.00
17699,8.210,-1.270,-0.650,-7.88,2.38,0.06,27.00,290.6,8.8,8.33
17739,5.590,0.170,-0.480,-6.94,0.19,0.25,27.00,290.6,-1.7,5.61
17779,11.420,0.180,1.210,-10.44,1.25,1.75,27.00,290.6,-0.9,11.49
17819,13.460,-1.020,-3.030,-6.00,-1.12,2.62,27.00,290.6,4.3,13.83
17859,12.710,-0.060,2.680,-6.62,2.00,0.75,27.00,290.6,0.3,12.99
17899,15.710,-0.900,0.090,-8.00,-0.25,0.69,27.00,290.6,3.3,15.74
17939,4.050,0.140,-0.800,-5.81,2.31,0.94,26.77,296.6,-2.0,4.13
17979,5.240,0.590,-6.650,-11.12,0.62,-0.81,26.77,296.6,-6.4,8.49
18019,13.220,2.170,3.270,-7.12,3.75,0.25,26.77,296.6,-9.3,13.79
18059,17.610,-1.320,0.090,-7.69,1.19,1.56,26.77,296.6,4.3,17.66
18099,9.320,-0.790,-2.980,-7.69,4.50,1.44,26.77,296.6,4.8,9.82
18139,7.100,-1.740,1.170,-6.31,-2.19,3.81,26.77,296.6,13.8,7.40
18179,11.550,1.190,-0.910,-7.00,3.06,-0.62,26.77,296.6,-5.9,11.65
18219,5.820,0.820,1.740,-9.56,2.06,-3.81,26.77,296.6,-8.0,6.13
18259,9.130,0.510,0.490,-8.19,2.25,-2.88,26.77,296.6,-3.2,9.16
18299,10.110,-0.420,0.820,-10.06,1.88,0.94,26.77,296.6,2.4,10.15
18339,8.420,-0.350,0.650,-7.94,0.75,-0.31,26.77,296.6,2.4,8.45
18379,13.570,-0.990,1.870,-6.75,0.88,0.19,26.77,296.6,4.2,13.73
18419,1.530,-0.090,-2.990,-7.25,1.44,0.88,26.77,296.6,3.4,3.36
18459,4.700,-1.780,-2.920,-7.94,1.00,0.31,26.77,296.6,20.7,5.81
18499,8.810,0.200,0.500,-8.12,3.81,-2.94,26.77,296.6,-1.3,8.83
18539,12.010,0.030,0.110,-8.81,1.25,-2.75,26.77,296.6,-0.1,12.01
18579,11.810,1.550,4.370,-6.31,5.19,-3.75,26.77,296.6,-7.5,12.69
18619,6.100,-1.280,-1.250,-8.12,0.25,-1.75,26.77,296.6,11.9,6.36
18659,6.890,-0.030,0.240,-8.50,1.12,-0.56,26.77,296.6,0.2,6.89
18699,8.940,-0.680,-2.160,-6.88,0.19,-0.81,26.77,296.6,4.3,9.22
18739,5.780,-0.720,0.340,-6.62,0.75,0.19,26.77,296.6,7.1,5.83
18779,14.380,-0.700,1.740,-9.44,-1.00,1.25,26.77,296.6,2.8,14.50
18819,10.080,0.980,1.740,-2.69,-1.94,0.25,26.77,296.6,-5.6,10.28
18859,11.600,-0.670,0.690,-7.44,-1.88,-0.31,26.77,296.6,3.3,11.64
18899,18.700,-0.710,2.050,-4.62,0.50,-0.31,26.77,296.6,2.2,18.83
18939,11.280,-1.830,-0.130,-12.25,9.19,1.19,26.65,303.4,9.2,11.43
18979,13.670,0.250,-1.840,-5.00,-3.06,-5.00,26.65,303.4,-1.0,13.80
19019,8.340,-1.380,-2.610,-6.88,0.69,-1.50,26.65,303.4,9.4,8.85
19059,10.830,-0.370,-0.430,-4.62,2.06,0.56,26.65,303.4,2.0,10.84
19099,11.050,-1.270,1.270,-5.00,3.38,-0.88,26.65,303.4,6.6,11.20
19139,10.470,-0.890,0.030,-5.88,0.81,0.50,26.65,303.4,4.9,10.51
19179,8.680,0.450,-2.180,-5.00,1.06,2.56,26.65,303.4,-3.0,8.96
19219,10.430,0.880,0.040,-4.94,3.06,0.69,26.65,303.4,-4.8,10.47
19259,8.650,0.040,-0.490,-4.19,0.88,-1.38,26.65,303.4,-0.3,8.66
19299,11.250,-0.130,1.570,-6.44,2.88,-0.19,26.65,303.4,0.7,11.36
19339,9.650,-0.730,0.660,-5.75,3.38,1.38,26.65,303.4,4.3,9.70
19379,7.440,0.680,-0.560,-7.88,1.44,-1.38,26.65,303.4,-5.2,7.49
19419,9.730,0.200,2.190,-5.44,2.56,-0.50,26.65,303.4,-1.2,9.98
19459,9.980,0.060,1.440,-7.19,2.31,0.62,26.65,303.4,-0.3,10.08
19499,13.530,-0.430,0.180,-5.56,-1.44,1.50,26.65,303.4,1.8,13.54
19539,5.320,0.240,1.290,-6.06,1.44,-0.75,26.65,303.4,-2.6,5.48
19579,8.960,0.430,0.620,-6.06,-1.50,0.56,26.65,303.4,-2.7,8.99
19619,10.800,0.170,1.180,-6.31,1.19,0.69,26.65,303.4,-0.9,10.87
19659,7.210,-0.450,-2.820,-5.31,-0.69,-0.69,26.65,303.4,3.6,7.75
19699,5.910,-0.240,0.080,-7.12,-3.75,-0.56,26.65,303.4,2.3,5.92
19739,11.220,-0.640,0.690,-6.19,0.00,0.62,26.65,303.4,3.3,11.26
19779,17.550,-0.900,-6.010,-6.50,-3.62,-0.69,26.65,303.4,2.9,18.57
19819,11.980,-3.970,3.260,-3.94,-4.56,-4.31,26.65,303.4,18.3,13.03
19859,12.170,4.080,-0.530,-7.69,5.12,2.31,26.65,303.4,-18.5,12.85
19899,6.890,3.110,4.950,-10.25,0.06,-3.88,26.65,303.4,-24.3,9.04
19939,10.560,-0.390,2.310,-7.56,-1.50,-0.12,26.21,309.5,2.1,10.82
19979,8.500,-0.340,2.890,-4.06,-5.12,3.38,26.21,309.5,2.3,8.98
20019,12.090,0.110,3.010,-5.06,-4.69,0.56,26.21,309.5,-0.5,12.46
20059,19.960,-0.800,1.110,-8.00,3.62,-0.38,26.21,309.5,2.3,20.01
20099,6.000,-1.690,-4.720,-6.56,4.25,1.19,26.21,309.5,15.7,7.82
20139,8.010,0.060,-1.300,-6.62,8.81,0.06,26.21,309.5,-0.4,8.12
20179,5.560,1.120,1.020,-10.88,4.81,0.06,26.21,309.5,-11.4,5.76
20219,8.680,2.980,-1.720,-4.19,-1.94,-0.06,26.21,309.5,-18.9,9.34
20259,11.120,1.790,0.090,-8.06,-0.12,0.94,26.21,309.5,-9.1,11.26
20299,9.280,-0.790,0.220,-6.81,0.75,3.69,26.21,309.5,4.9,9.32
20339,6.080,-0.830,1.330,-8.50,4.31,5.25,26.21,309.5,7.8,6.28
20379,10.730,-2.210,-0.930,-10.75,4.25,4.44,26.21,309.5,11.6,10.99
20419,9.590,0.270,3.280,-6.88,1.75,1.12,26.21,309.5,-1.6,10.14
20459,6.490,-0.400,-2.310,-10.50,2.44,3.19,26.21,309.5,3.5,6.90
20499,11.590,0.750,4.440,-6.38,-0.19,2.50,26.21,309.5,-3.7,12.43
20539,13.030,0.420,-0.520,-9.88,2.94,0.94,26.21,309.5,-1.8,13.05
20579,9.060,0.310,-2.400,-6.69,-1.62,-1.44,26.21,309.5,-2.0,9.38
20619,8.970,1.080,0.310,-10.44,5.81,-1.69,26.21,309.5,-6.9,9.04
20659,6.780,0.980,2.030,-8.25,5.50,-1.31,26.21,309.5,-8.2,7.14
20699,7.620,0.260,1.870,-9.56,4.50,-0.56,26.21,309.5,-2.0,7.85
20739,10.540,-0.870,0.950,-8.81,0.62,-0.31,26.21,309.5,4.7,10.62
20779,7.420,-0.930,0.480,-10.69,2.12,0.44,26.21,309.5,7.1,7.49
20819,8.330,-0.230,-0.450,-6.94,-2.81,-1.12,26.21,309.5,1.6,8.35
20859,14.530,-0.240,1.440,-10.62,2.38,-0.81,26.21,309.5,0.9,14.60
20899,12.170,-0.260,1.990,-10.88,1.94,-3.12,26.21,309.5,1.2,12.33
20939,7.070,-0.130,-1.620,-9.31,-0.31,-1.31,26.20,317.2,1.1,7.25
20979,8.640,-0.180,-2.140,-10.25,4.50,0.38,26.20,317.2,1.2,8.90
21019,6.620,-0.590,1.150,-9.50,4.56,0.12,26.20,317.2,5.1,6.74
21059,7.390,0.120,0.680,-9.56,0.94,-0.44,26.20,317.2,-0.9,7.42
21099,13.230,-0.120,-1.590,-10.81,1.56,-0.88,26.20,317.2,0.5,13.33
21139,5.240,-0.390,-0.070,-10.69,3.12,-1.44,26.20,317.2,4.3,5.25
21179,8.290,-0.500,-2.080,-7.50,-0.62,-1.56,26.20,317.2,3.5,8.56
21219,5.970,-0.050,0.220,-10.25,-0.50,-0.75,26.20,317.2,0.5,5.97
21259,5.920,0.090,0.310,-9.38,-2.19,0.75,26.20,317.2,-0.9,5.93
21299,11.480,-0.080,-2.660,-10.06,-2.50,2.62,26.20,317.2,0.4,11.78
21339,5.230,0.150,-2.390,-10.31,3.25,2.31,26.20,317.2,-1.6,5.75
21379,9.200,-0.780,1.160,-7.06,-0.25,1.12,26.20,317.2,4.8,9.31
21419,6.380,-1.680,-1.290,-9.25,-0.19,1.38,26.20,317.2,14.8,6.72
21459,8.420,0.490,-0.580,-9.69,-1.50,-0.44,26.20,317.2,-3.3,8.45
21499,7.750,-0.680,-0.950,-8.25,-2.00,1.25,26.20,317.2,5.0,7.84
21539,9.150,-2.190,-1.000,-7.31,-1.75,2.62,26.20,317.2,13.5,9.46
21579,16.940,0.180,-2.380,-7.69,-3.19,-1.75,26.20,317.2,-0.6,17.11
21619,15.430,1.670,-2.880,-7.38,3.69,-2.31,26.20,317.2,-6.2,15.79
21659,10.930,3.010,0.260,-9.12,4.06,-2.56,26.20,317.2,-15.4,11.34
21699,6.110,1.560,0.100,-8.25,3.94,-4.94,26.20,317.2,-14.3,6.31
21739,9.150,0.910,0.130,-8.94,1.44,-4.44,26.20,317.2,-5.7,9.20
21779,12.660,0.470,-1.370,-7.75,2.56,-0.62,26.20,317.2,-2.1,12.74
21819,7.640,-0.570,2.260,-9.75,7.38,0.75,26.20,317.2,4.3,7.99
21859,6.060,-0.470,-0.410,-7.31,2.12,-1.19,26.20,317.2,4.4,6.09
21899,10.900,0.700,-0.030,-8.00,2.00,-3.88,26.20,317.2,-3.7,10.92
21939,9.420,0.590,0.870,-7.00,0.12,-4.81,25.55,324.8,-3.6,9.48
21979,11.850,1.730,2.260,-7.38,1.31,-5.12,25.55,324.8,-8.3,12.19
22019,8.400,0.050,0.000,-7.06,1.25,-3.38,25.55,324.8,-0.3,8.40
22059,10.920,-0.670,0.840,-6.50,0.88,-2.94,25.55,324.8,3.5,10.97
22099,11.640,-1.730,-0.600,-6.38,-0.38,-2.31,25.55,324.8,8.5,11.78
22139,10.540,-1.060,0.090,-6.88,1.19,-2.81,25.55,324.8,5.7,10.59
22179,9.550,0.400,0.130,-3.56,-1.88,-4.69,25.55,324.8,-2.4,9.56
22219,6.720,1.050,-2.010,-4.12,-0.25,-3.75,25.55,324.8,-8.9,7.09
22259,4.200,0.480,-0.620,-4.56,0.50,-4.81,25.55,324.8,-6.5,4.27
22299,8.350,-0.710,-0.960,-5.06,2.06,-3.25,25.55,324.8,4.9,8.43
22339,8.220,-0.020,-1.430,-4.06,-2.19,-5.75,25.55,324.8,0.1,8.34
22379,5.980,0.980,0.250,-2.50,-2.75,-7.00,25.55,324.8,-9.3,6.06
22419,9.300,1.220,0.860,-6.00,-0.81,-6.69,25.55,324.8,-7.5,9.42
22459,9.480,2.010,-1.040,-4.31,-2.75,-5.31,25.55,324.8,-12.0,9.75
22499,10.890,0.790,-0.860,-4.62,-1.81,-3.50,25.55,324.8,-4.1,10.95
22539,14.670,2.320,-0.540,-5.88,2.94,-3.00,25.55,324.8,-9.0,14.86
22579,11.270,-0.110,0.900,-4.19,1.00,-2.19,25.55,324.8,0.6,11.31
22619,11.960,-0.180,-1.160,-5.69,0.00,-1.81,25.55,324.8,0.9,12.02
22659,12.180,-0.210,0.210,-5.06,2.50,-1.50,25.55,324.8,1.0,12.18
22699,10.550,0.070,2.660,-5.69,4.88,-1.38,25.55,324.8,-0.4,10.88
22739,6.620,-1.020,0.370,-5.94,2.75,2.12,25.55,324.8,8.8,6.71
22779,8.960,-0.520,-0.740,-3.38,-1.88,0.75,25.55,324.8,3.3,9.01
22819,11.130,-0.610,-0.270,-4.62,-0.56,-1.06,25.55,324.8,3.1,11.15
22859,7.380,0.570,-1.270,-4.12,1.12,-2.62,25.55,324.8,-4.4,7.51
22899,7.070,0.340,0.420,-5.50,3.19,-3.69,25.55,324.8,-2.8,7.09
22939,12.180,-0.270,1.550,-3.88,-0.31,-3.19,25.91,333.1,1.3,12.28
22979,13.940,-0.650,-0.670,-4.44,-0.62,-3.38,25.91,333.1,2.7,13.97
23019,6.990,0.160,-0.790,-3.44,0.12,-5.75,25.91,333.1,-1.3,7.04
23059,11.650,-0.370,1.950,-6.00,-0.06,-5.44,25.91,333.1,1.8,11.82
23099,10.490,0.100,2.270,-3.38,-3.19,-6.81,25.91,333.1,-0.5,10.73
23139,8.160,-0.520,-2.180,-2.62,0.50,-6.25,25.91,333.1,3.6,8.46
23179,9.940,-0.350,-0.280,-4.69,-2.56,-6.00,25.91,333.1,2.0,9.95
23219,7.160,-0.270,-0.800,-2.88,-3.44,-6.62,25.91,333.1,2.2,7.21
23297,9.070,-0.320,0.910,-2.50,1.88,-7.50,25.91,333.1,2.0,9.12
23337,11.300,-0.080,3.030,-5.00,4.56,-4.94,25.91,333.1,0.4,11.70
23377,8.450,0.120,-0.540,-0.56,2.06,-6.12,25.91,333.1,-0.8,8.47
23417,10.100,-0.080,-0.590,-2.44,0.69,-3.06,25.91,333.1,0.5,10.12
23457,11.350,-0.570,2.530,-3.38,3.06,-5.00,25.91,333.1,2.9,11.64
23497,8.660,0.110,1.560,0.25,-0.69,-5.25,25.91,333.1,-0.7,8.80
23537,6.810,-0.860,1.390,-3.88,2.56,-5.25,25.91,333.1,7.2,7.00
23577,9.620,-1.010,0.790,-2.00,-0.81,-5.50,25.91,333.1,6.0,9.71
23617,13.590,-0.400,2.310,-4.06,-0.50,-6.06,25.91,333.1,1.7,13.79
23657,9.650,0.120,1.930,-0.56,-3.62,-6.75,25.91,333.1,-0.7,9.84
23697,7.620,-0.390,-0.560,-0.31,-3.06,-6.94,25.91,333.1,2.9,7.65
23737,12.240,-0.100,-0.460,-2.31,0.50,-6.06,25.91,333.1,0.5,12.25
23777,10.760,0.660,3.540,-0.69,-6.31,-7.88,25.91,333.1,-3.5,11.35
23817,9.600,2.290,-2.950,-0.56,-1.00,-5.81,25.91,333.1,-13.4,10.30
23857,10.410,0.160,1.020,-3.06,4.88,-2.06,25.91,333.1,-0.9,10.46
23897,7.770,0.240,2.110,-2.50,3.88,-2.25,25.91,333.1,-1.8,8.05
23937,7.080,-0.950,-0.450,-2.31,0.75,-2.12,25.40,337.7,7.6,7.16
23977,9.810,-0.460,1.790,-3.00,-1.00,-3.88,25.40,337.7,2.7,9.98
24017,7.180,-0.560,-1.630,-1.75,-2.50,-3.88,25.40,337.7,4.5,7.38
24057,7.870,0.590,2.630,-3.25,-1.75,-4.94,25.40,337.7,-4.3,8.32
24097,9.790,-0.280,-0.080,-2.81,-2.19,-3.75,25.40,337.7,1.6,9.79
24137,10.830,0.490,-1.550,-1.69,-2.31,-4.75,25.40,337.7,-2.6,10.95
24177,6.700,1.690,0.500,-1.12,-3.81,-5.62,25.40,337.7,-14.2,6.93
24217,14.480,0.090,3.370,-0.69,-3.44,-2.25,25.40,337.7,-0.4,14.87
24257,11.410,1.180,-0.520,-4.50,3.50,-5.06,25.40,337.7,-5.9,11.48
24297,11.730,2.160,-4.480,-0.06,-3.62,-6.06,25.40,337.7,-10.4,12.74
24337,11.040,-0.510,1.050,-2.88,4.69,-1.56,25.40,337.7,2.6,11.10
24377,9.120,-0.810,1.380,-2.19,-0.56,-2.19,25.40,337.7,5.1,9.26
24417,8.680,0.450,1.400,0.12,-0.31,-5.94,25.40,337.7,-3.0,8.80
24457,10.040,0.460,1.160,-3.12,3.38,-4.38,25.40,337.7,-2.6,10.12
24497,10.550,-1.070,0.890,-1.50,1.44,-3.38,25.40,337.7,5.8,10.64
24537,9.420,0.730,0.480,-1.31,0.06,-4.94,25.40,337.7,-4.4,9.46
24577,10.470,-1.380,1.810,-1.69,0.00,-3.88,25.40,337.7,7.5,10.71
24617,7.070,-0.840,0.150,0.06,1.31,-6.31,25.40,337.7,6.8,7.12
24657,8.560,-0.670,0.150,-1.38,-1.50,-7.44,25.40,337.7,4.5,8.59
24697,11.690,1.140,-0.930,0.12,-2.81,-11.19,25.40,337.7,-5.6,11.78
24737,13.080,1.130,1.570,0.19,-0.94,-8.69,25.40,337.7,-4.9,13.22
24777,10.550,0.820,-0.820,1.25,-5.25,-7.38,25.40,337.7,-4.4,10.61
24817,13.680,1.950,1.420,1.75,-3.88,-8.50,25.40,337.7,-8.1,13.89
24857,10.530,2.070,-6.440,2.25,-4.50,-8.62,25.40,337.7,-11.1,12.52
24897,3.780,0.730,-4.460,3.50,-2.38,-6.38,25.40,337.7,-10.9,5.89
24937,10.440,1.000,0.050,-1.06,1.69,-7.94,25.40,337.7,-5.5,10.49
24977,10.720,1.730,0.960,0.56,1.06,-8.69,26.73,341.3,-9.2,10.90
25017,11.710,3.040,-0.780,-0.12,0.75,-9.12,26.73,341.3,-14.6,12.12
25057,8.730,0.530,1.030,3.81,-1.44,-6.88,26.73,341.3,-3.5,8.81
25097,10.030,2.860,3.800,10.06,-5.94,-8.56,26.73,341.3,-15.9,11.10
25137,10.250,1.940,-0.880,1.69,-0.62,-8.81,26.73,341.3,-10.7,10.47
25177,19.130,2.850,5.010,1.69,2.25,-4.50,26.73,341.3,-8.5,19.98
25217,11.470,-1.370,-0.280,2.81,-2.44,-0.75,26.73,341.3,6.8,11.55
25257,8.300,-1.410,2.200,5.75,-8.44,-2.81,26.73,341.3,9.6,8.70
25297,9.890,-1.340,-2.330,3.81,-1.06,-4.00,26.73,341.3,7.7,10.25
25337,9.660,-0.370,-0.310,0.12,3.44,-2.62,26.73,341.3,2.2,9.67
25377,11.840,0.220,1.910,1.69,1.88,-4.00,26.73,341.3,-1.1,12.00
25417,9.430,2.020,-1.640,3.69,-1.12,-5.88,26.73,341.3,-12.1,9.78
25457,7.080,2.140,-0.220,1.88,4.88,-4.94,26.73,341.3,-16.8,7.40
25497,5.300,1.430,2.160,-1.19,6.44,-6.31,26.73,341.3,-15.1,5.90
25537,8.090,0.940,2.710,-0.31,2.00,-6.00,26.73,341.3,-6.6,8.58
25577,9.540,-0.110,1.310,1.50,1.00,-5.75,26.73,341.3,0.7,9.63
25617,6.930,-0.230,0.010,3.88,-3.19,-6.25,26.73,341.3,1.9,6.93
25657,9.570,1.590,-1.960,4.25,-3.50,-7.69,26.73,341.3,-9.4,9.90
25697,6.500,1.250,-2.280,2.62,-2.06,-7.81,26.73,341.3,-10.9,7.00
25737,10.270,1.360,-0.140,3.88,-0.12,-4.75,26.73,341.3,-7.5,10.36
25777,11.810,1.540,1.620,0.62,1.50,-6.06,26.73,341.3,-7.4,12.02
25817,8.740,2.620,-5.540,6.00,-3.69,-5.25,26.73,341.3,-16.7,10.67
25857,5.570,0.460,4.100,3.06,7.50,-4.12,26.73,341.3,-4.7,6.93
25897,7.470,-0.140,0.440,3.44,1.81,-2.38,26.73,341.3,1.1,7.48
25937,9.620,0.700,0.020,2.94,1.75,-4.62,26.59,340.6,-4.2,9.65
25977,7.530,-0.130,0.620,4.25,2.81,-1.12,26.59,340.6,1.0,7.56
26017,4.130,-0.510,-0.480,4.31,3.38,-6.88,26.59,340.6,7.0,4.19
26057,9.900,-0.470,0.710,3.88,-2.31,-2.69,26.59,340.6,2.7,9.94
26097,11.080,1.090,1.380,5.69,0.81,-2.44,26.59,340.6,-5.6,11.22
26137,9.870,0.180,2.650,1.12,4.50,-1.12,26.59,340.6,-1.0,10.22
26177,5.860,-0.200,1.600,3.69,3.31,-2.31,26.59,340.6,2.0,6.08
26217,5.950,1.170,2.190,3.00,-0.25,-4.50,26.59,340.6,-11.1,6.45
26257,8.330,1.990,0.670,2.50,0.19,-3.31,26.59,340.6,-13.4,8.59
26297,5.200,0.560,1.510,4.88,0.00,-2.38,26.59,340.6,-6.1,5.44
26337,21.500,1.590,-6.210,3.62,-4.62,-0.56,26.59,340.6,-4.2,22.44
26377,1.200,0.940,1.550,6.50,1.25,-1.69,26.59,340.6,-38.1,2.17
26417,5.640,1.400,0.390,3.88,3.69,-2.12,26.59,340.6,-13.9,5.82
26457,5.820,1.050,0.120,3.69,4.75,0.88,26.59,340.6,-10.2,5.92
26497,10.280,0.830,0.760,3.56,3.06,1.38,26.59,340.6,-4.6,10.34
26537,12.150,0.870,-0.250,3.31,2.06,0.19,26.59,340.6,-4.1,12.18
26577,7.230,0.040,2.190,8.06,2.12,-1.25,26.59,340.6,-0.3,7.55
26617,4.470,-0.580,0.570,0.75,3.00,0.94,26.59,340.6,7.4,4.54
26657,7.170,0.420,-0.570,5.56,0.00,0.62,26.59,340.6,-3.4,7.20
26697,8.040,-1.000,1.270,5.12,1.50,1.88,26.59,340.6,7.1,8.20
26737,9.260,0.220,1.310,3.19,1.44,0.56,26.59,340.6,-1.4,9.35
26777,5.580,-0.280,-2.310,2.56,0.50,2.31,26.59,340.6,2.9,6.05
26817,7.060,-0.340,-2.570,6.31,-3.19,2.19,26.59,340.6,2.8,7.52
26857,8.560,-0.120,-2.180,5.06,-0.94,3.06,26.59,340.6,0.8,8.83
26897,8.920,0.920,-1.430,5.62,-2.38,0.31,26.59,340.6,-5.9,9.08
26937,12.520,2.370,2.590,4.44,1.06,-0.75,26.59,340.6,-10.7,13.00
26977,7.410,0.420,-4.220,6.75,0.88,2.81,26.68,338.3,-3.2,8.54
27017,9.370,-0.250,-1.520,6.25,0.94,-0.56,26.68,338.3,1.5,9.50
27057,8.860,-0.160,-1.030,2.38,2.62,0.56,26.68,338.3,1.0,8.92
27097,7.110,-0.200,-0.540,2.31,-0.81,0.75,26.68,338.3,1.6,7.13
27137,8.300,-0.820,0.440,5.06,0.56,0.38,26.68,338.3,5.6,8.35
27177,10.620,-0.510,0.000,4.69,-3.31,-0.19,26.68,338.3,2.7,10.63
27217,15.410,1.870,2.610,6.38,-0.12,3.44,26.68,338.3,-6.9,15.74
27257,15.410,-1.640,2.340,4.38,4.88,8.19,26.68,338.3,6.1,15.67
27297,10.700,-0.330,-0.760,2.44,2.56,3.50,26.68,338.3,1.8,10.73
27337,9.780,1.190,1.230,-0.19,5.00,1.06,26.68,338.3,-6.9,9.93
27377,8.650,-0.280,0.180,5.50,2.19,0.31,26.68,338.3,1.9,8.66
27417,7.680,0.160,2.620,3.00,4.12,-1.31,26.68,338.3,-1.2,8.12
27457,10.660,0.530,0.100,1.44,0.81,-1.62,26.68,338.3,-2.8,10.67
27497,6.730,-0.890,1.260,1.38,7.25,-0.06,26.68,338.3,7.5,6.90
27537,9.350,-1.060,-0.940,-1.44,3.56,-0.12,26.68,338.3,6.5,9.46
27577,6.590,-0.620,-1.020,1.12,0.88,0.88,26.68,338.3,5.4,6.70
27617,4.760,-0.420,2.240,2.81,4.38,2.25,26.68,338.3,5.0,5.28
27657,2.300,-2.490,1.810,3.00,8.00,2.06,26.68,338.3,47.3,3.84
27697,9.630,0.230,5.150,-2.06,9.00,-0.31,26.68,338.3,-1.4,10.92
27737,6.200,0.450,2.320,2.56,-0.38,-2.56,26.68,338.3,-4.2,6.64
27777,8.300,1.070,-0.010,4.44,-2.88,-5.25,26.68,338.3,-7.3,8.37
27817,13.060,1.780,1.090,3.50,-4.50,-6.75,26.68,338.3,-7.8,13.23
27857,15.870,3.600,4.690,0.25,3.31,6.25,26.68,338.3,-12.8,16.94
27897,1.710,-2.590,5.640,-3.94,3.31,7.75,26.68,338.3,56.6,6.44
27937,10.680,2.310,3.670,2.69,3.12,5.69,26.87,334.5,-12.2,11.53
27977,11.800,-0.080,2.140,8.81,-2.62,1.94,26.87,334.5,0.4,11.99
28017,8.800,0.280,2.370,6.31,-2.44,-0.06,26.87,334.5,-1.8,9.12
28057,9.070,0.950,-0.480,4.19,-0.69,-2.56,26.87,334.5,-6.0,9.13
28097,21.260,1.550,1.330,6.19,-6.56,-9.81,26.87,334.5,-4.2,21.36
28137,15.070,-0.370,-2.650,5.69,0.12,4.25,26.87,334.5,1.4,15.31
28177,10.480,-0.260,-2.500,0.88,-0.56,3.19,26.87,334.5,1.4,10.78
28217,11.650,-0.360,-2.250,8.38,-3.38,3.44,26.87,334.5,1.8,11.87
28257,11.990,2.070,-2.450,3.25,2.94,1.25,26.87,334.5,-9.8,12.41
28297,3.330,0.210,-1.700,2.69,-6.38,3.50,26.87,334.5,-3.6,3.74
28337,5.370,0.910,-3.100,13.38,-3.19,-0.81,26.87,334.5,-9.6,6.27
28377,6.480,0.380,-0.870,8.31,-1.62,-2.06,26.87,334.5,-3.4,6.55
28417,8.950,1.320,1.750,5.94,-2.06,-3.81,26.87,334.5,-8.4,9.21
28457,8.590,3.210,2.690,3.31,2.19,-5.81,26.87,334.5,-20.5,9.56
28497,-0.510,-0.080,-6.380,7.12,-9.00,1.81,26.87,334.5,171.1,6.40
28537,13.570,1.690,-3.230,11.25,-9.88,-1.88,26.87,334.5,-7.1,14.05
28577,15.940,1.270,1.280,7.81,-1.06,-0.69,26.87,334.5,-4.6,16.04
28617,7.440,0.080,3.040,6.12,4.81,-0.56,26.87,334.5,-0.6,8.04
28657,15.910,0.600,3.830,4.88,4.06,2.00,26.87,334.5,-2.2,16.38
28697,9.140,-0.570,-1.380,8.75,-3.31,1.75,26.87,334.5,3.6,9.26
28737,6.550,-0.570,-3.300,7.88,-5.69,1.00,26.87,334.5,5.0,7.36
28777,14.580,1.110,1.910,3.69,-1.44,-0.38,26.87,334.5,-4.4,14.75
28817,17.950,2.070,7.830,4.12,-5.62,1.75,26.87,334.5,-6.6,19.69
28857,10.300,-1.310,2.610,8.38,-8.38,-0.69,26.87,334.5,7.2,10.71
28897,9.110,-0.100,-3.900,9.56,-6.00,-1.94,26.87,334.5,0.6,9.91
28937,6.710,0.100,-5.650,7.06,1.25,1.75,26.81,330.5,-0.9,8.77
28977,8.380,-1.020,-1.140,4.94,2.88,3.12,26.81,330.5,6.9,8.52
29017,9.160,-0.980,1.680,5.00,2.06,1.44,26.81,330.5,6.1,9.36
29057,8.780,0.000,0.090,5.75,-1.19,-2.00,26.81,330.5,-0.0,8.78
29097,8.810,1.480,1.030,4.38,-1.50,-4.12,26.81,330.5,-9.5,8.99
29137,8.990,1.330,0.620,4.69,3.25,2.50,26.81,330.5,-8.4,9.11
29177,6.050,1.160,-4.900,6.25,-3.69,2.25,26.81,330.5,-10.9,7.87
29217,11.640,2.060,1.590,9.88,-4.00,-0.12,26.81,330.5,-10.0,11.93
29257,14.380,-2.410,2.010,3.38,2.50,8.25,26.81,330.5,9.5,14.72
29297,12.460,1.160,3.020,3.50,2.88,-0.12,26.81,330.5,-5.3,12.87
29337,7.290,0.930,1.250,5.38,6.88,0.31,26.81,330.5,-7.3,7.45
29377,8.240,-0.410,-2.640,2.38,1.38,3.12,26.81,330.5,2.8,8.66
29417,11.740,0.110,-0.140,4.00,0.81,1.50,26.81,330.5,-0.5,11.74
29457,9.740,-1.710,1.600,4.56,2.25,2.94,26.81,330.5,10.0,10.02
29497,6.800,0.860,-0.610,5.06,-0.25,-0.31,26.81,330.5,-7.2,6.88
29537,10.720,-0.430,-0.070,4.44,0.31,-0.25,26.81,330.5,2.3,10.73
29577,11.090,0.140,-0.150,5.25,0.81,-1.94,26.81,330.5,-0.7,11.09
29617,5.860,1.170,0.290,4.19,0.88,-1.75,26.81,330.5,-11.3,5.98
29657,12.720,1.300,-0.400,5.88,0.06,-2.06,26.81,330.5,-5.8,12.79
29697,10.870,1.710,-1.510,4.38,-2.44,-2.50,26.81,330.5,-8.9,11.11
29737,5.260,2.080,-2.100,3.88,5.75,-2.31,26.81,330.5,-21.6,6.03
29777,13.090,0.810,6.060,-0.56,5.88,4.38,26.81,330.5,-3.5,14.45
29817,10.180,0.520,3.440,2.00,0.75,0.56,26.81,330.5,-2.9,10.76
29857,10.220,-0.310,-2.690,7.56,-3.75,-0.44,26.81,330.5,1.7,10.57
29897,8.230,-0.780,0.040,7.94,-3.19,-1.12,26.81,330.5,5.4,8.27
29937,8.060,0.070,0.430,5.06,-1.38,-2.38,27.20,325.9,-0.5,8.07
29977,12.480,1.450,-1.140,5.19,-2.81,-4.19,27.20,325.9,-6.6,12.62
30017,2.900,0.270,-3.110,4.25,2.62,0.06,27.20,325.9,-5.3,4.26
30057,6.580,0.570,0.930,2.19,5.31,1.12,27.20,325.9,-5.0,6.67
30097,14.280,0.600,2.260,2.75,5.69,2.75,27.20,325.9,-2.4,14.47
30137,10.130,0.770,2.250,7.50,-2.12,-1.06,27.20,325.9,-4.3,10.41
30177,9.560,-0.420,-1.710,5.56,-0.06,0.00,27.20,325.9,2.5,9.72
30217,7.690,-0.840,0.640,5.94,1.25,1.19,27.20,325.9,6.2,7.76
30257,8.370,-0.390,1.730,4.06,1.69,-0.50,27.20,325.9,2.7,8.56
30297,1.370,1.300,-2.000,7.19,-2.69,-5.38,27.20,325.9,-43.5,2.75
30337,8.860,-1.290,-1.250,8.25,-0.62,-1.69,27.20,325.9,8.3,9.04
30377,7.530,0.940,0.510,7.81,-4.31,-6.75,27.20,325.9,-7.1,7.61
30417,9.290,2.810,2.520,3.19,1.81,-8.75,27.20,325.9,-16.8,10.03
30457,15.270,3.790,2.740,5.19,2.50,-7.19,27.20,325.9,-13.9,15.97
30497,8.850,1.800,5.220,6.62,1.44,-5.62,27.20,325.9,-11.5,10.43
30537,19.400,3.290,6.760,3.44,-0.69,-1.69,27.20,325.9,-9.6,20.81
30577,4.530,1.330,-1.360,11.62,-5.00,-4.50,27.20,325.9,-16.4,4.91
30617,7.900,2.460,-6.240,6.81,-2.88,-7.44,27.20,325.9,-17.3,10.36
30657,5.780,-0.010,3.060,1.56,6.56,-2.06,27.20,325.9,0.1,6.54
30697,10.700,1.620,2.770,2.50,4.25,-2.00,27.20,325.9,-8.6,11.17
30737,8.820,0.240,-1.520,3.94,-1.00,-3.19,27.20,325.9,-1.6,8.95
30777,11.820,-0.470,-0.610,5.81,-5.44,-2.62,27.20,325.9,2.3,11.85
30817,12.490,-0.530,-1.970,10.19,-4.50,-0.56,27.20,325.9,2.4,12.66
30857,10.440,-0.970,-0.470,6.25,0.31,-0.81,27.20,325.9,5.3,10.50
30897,7.710,0.200,-0.850,8.94,-0.94,-2.44,27.20,325.9,-1.5,7.76
30937,15.380,-1.470,0.430,6.00,0.81,-1.00,27.18,321.2,5.5,15.46
30977,13.680,-0.770,1.940,4.50,-1.75,0.38,27.18,321.2,3.2,13.84
31017,9.520,0.040,-1.380,13.31,-0.62,-1.00,27.18,321.2,-0.2,9.62
31057,8.920,0.250,-0.370,6.25,-0.12,-2.44,27.18,321.2,-1.6,8.93
31097,19.460,1.350,-2.490,6.69,-1.25,-3.06,27.18,321.2,-4.0,19.67
31137,9.580,3.490,-0.060,10.94,-4.06,-3.12,27.18,321.2,-20.0,10.20
31177,9.450,1.780,1.300,9.00,1.62,-2.56,27.18,321.2,-10.7,9.70
31217,12.460,0.630,2.570,7.62,2.88,0.25,27.18,321.2,-2.9,12.74
31257,10.920,-0.240,-1.940,2.44,3.19,1.44,27.18,321.2,1.3,11.09
31297,16.310,-0.440,4.800,7.56,3.56,2.75,27.18,321.2,1.5,17.01
31337,12.330,1.730,2.080,5.50,1.00,-0.06,27.18,321.2,-8.0,12.62
31377,4.390,-1.930,-1.460,7.81,-2.12,6.12,27.18,321.2,23.7,5.01
31417,1.690,-0.540,0.070,5.31,1.25,2.00,27.18,321.2,17.7,1.78
31457,12.340,-0.610,3.350,3.50,-1.06,3.00,27.18,321.2,2.8,12.80
31497,13.620,-0.190,0.390,8.19,-5.06,1.62,27.18,321.2,0.8,13.63
31537,8.980,0.780,0.940,9.06,0.19,1.69,27.18,321.2,-5.0,9.06
31577,8.920,2.740,-0.510,6.44,4.00,-1.94,27.18,321.2,-17.1,9.35
31617,0.440,-0.310,3.520,6.00,14.56,6.12,27.18,321.2,35.2,3.56
31657,4.500,1.770,-1.890,-0.31,6.31,-3.88,27.18,321.2,-21.5,5.19
31697,8.140,2.050,1.350,4.25,3.44,-3.50,27.18,321.2,-14.1,8.50
31737,7.260,-0.020,-0.530,6.75,0.31,-4.25,27.18,321.2,0.2,7.28
31777,12.710,0.040,0.900,4.94,0.25,-2.94,27.18,321.2,-0.2,12.74
31817,10.600,1.610,-1.040,7.12,-3.69,-5.81,27.18,321.2,-8.6,10.77
31857,9.880,-3.510,-4.450,6.50,-11.00,2.69,27.18,321.2,19.6,11.39
31897,9.440,-3.020,-3.420,12.75,-6.75,5.44,27.18,321.2,17.7,10.48
31937,11.900,-0.960,-0.570,10.81,-0.81,-1.50,27.72,316.7,4.6,11.95
31977,9.580,-0.730,-0.560,5.50,2.62,0.00,27.72,316.7,4.4,9.62
32017,5.070,-2.160,2.300,2.81,4.06,3.62,27.72,316.7,23.1,5.97
32057,10.050,0.560,1.360,6.56,0.19,-0.25,27.72,316.7,-3.2,10.16
32097,20.470,3.220,5.520,2.62,0.75,-1.75,27.72,316.7,-8.9,21.44
32137,8.210,0.680,-2.400,10.69,-4.69,-3.31,27.72,316.7,-4.7,8.58
32177,7.830,0.270,1.130,7.69,-5.31,-2.00,27.72,316.7,-2.0,7.92
32217,1.420,0.480,0.680,3.94,8.38,6.19,27.72,316.7,-18.7,1.65
32257,13.400,1.480,4.600,8.75,0.94,-0.75,27.72,316.7,-6.3,14.24
32297,11.430,-1.230,1.280,5.00,3.62,-0.25,27.72,316.7,6.1,11.57
32337,9.980,0.510,0.150,7.00,-1.38,-0.12,27.72,316.7,-2.9,9.99
32377,8.700,1.820,1.860,5.62,5.38,0.62,27.72,316.7,-11.8,9.08
32417,7.180,-0.340,1.140,4.44,4.12,2.44,27.72,316.7,2.7,7.28
32457,9.020,-0.790,-0.030,4.81,2.19,1.06,27.72,316.7,5.0,9.05
32497,10.710,-0.700,1.940,4.38,3.88,4.06,27.72,316.7,3.7,10.91
32537,5.920,-0.860,3.290,4.50,1.25,2.06,27.72,316.7,8.3,6.83
32577,10.700,-0.630,1.130,5.94,-1.38,-0.88,27.72,316.7,3.4,10.78
32617,13.870,-1.210,-0.530,5.88,0.25,0.50,27.72,316.7,5.0,13.93
32657,3.480,0.230,-1.240,6.50,3.38,0.88,27.72,316.7,-3.8,3.70
32697,9.890,1.320,-0.160,7.12,1.06,-3.12,27.72,316.7,-7.6,9.98
32737,12.790,0.720,0.690,3.88,0.69,-1.75,27.72,316.7,-3.2,12.83
32777,10.440,-0.580,-0.570,7.88,-0.56,0.50,27.72,316.7,3.2,10.47
32817,6.360,0.840,0.160,5.44,-0.06,-3.88,27.72,316.7,-7.5,6.42
32857,6.110,0.340,0.030,6.00,-0.56,-1.81,27.72,316.7,-3.2,6.12
32897,18.380,2.680,-3.650,7.19,-7.31,-6.50,27.72,316.7,-8.3,18.93
32937,-2.350,0.900,-6.680,4.75,7.44,-2.00,26.67,309.5,-159.0,7.14
32977,6.810,0.790,-0.320,6.62,3.81,-11.81,26.67,309.5,-6.6,6.86
33017,11.530,-1.410,1.810,2.62,9.38,1.88,26.67,309.5,7.0,11.76
33057,7.150,-2.550,3.570,5.81,9.19,4.62,26.67,309.5,19.6,8.39
33097,8.440,-2.270,-0.920,5.06,2.69,0.19,26.67,309.5,15.1,8.79
33137,8.390,-0.660,0.890,8.50,-2.69,-1.44,26.67,309.5,4.5,8.46
33177,16.720,2.420,0.980,8.06,-1.94,-7.69,26.67,309.5,-8.2,16.92
33217,12.430,-2.460,3.090,6.75,-0.12,2.31,26.67,309.5,11.2,13.04
33257,9.470,0.570,-0.240,9.25,-2.25,-1.56,26.67,309.5,-3.4,9.49
33297,-1.230,-0.710,-0.420,8.25,6.38,8.44,26.67,309.5,150.0,1.48
33337,13.820,1.190,0.420,5.38,-0.31,-3.75,26.67,309.5,-4.9,13.88
33377,8.710,0.650,-0.880,6.50,-0.62,-2.12,26.67,309.5,-4.3,8.78
33417,11.590,1.160,0.110,7.31,2.44,-2.19,26.67,309.5,-5.7,11.65
33457,13.400,2.380,-4.760,9.44,-3.50,-4.62,26.67,309.5,-10.1,14.42
33497,24.570,2.480,3.410,5.62,9.88,2.25,26.67,309.5,-5.8,24.93
33537,14.140,-2.900,-5.730,13.75,-1.75,4.88,26.67,309.5,11.6,15.53
33577,9.160,-0.270,-3.480,11.12,4.38,0.44,26.67,309.5,1.7,9.80
33617,8.540,0.820,3.080,4.19,5.88,-2.31,26.67,309.5,-5.5,9.12
33657,13.440,1.410,1.840,6.06,-0.25,-2.00,26.67,309.5,-6.0,13.64
33697,1.220,0.700,0.540,7.44,2.81,-3.50,26.67,309.5,-29.8,1.51
33737,18.290,4.600,-1.470,2.44,2.81,-5.12,26.67,309.5,-14.1,18.92
33777,5.960,0.110,-3.450,9.06,-1.50,-1.50,26.67,309.5,-1.1,6.89
33817,7.130,0.130,-2.930,6.00,2.25,3.69,26.67,309.5,-1.0,7.71
33857,6.690,-0.340,0.070,6.44,1.94,0.25,26.67,309.5,2.9,6.70
33897,9.020,-0.950,2.570,6.00,1.69,0.69,26.67,309.5,6.0,9.43
33937,9.620,-1.070,1.310,8.62,-0.25,1.31,27.35,303.8,6.3,9.77
33977,6.040,0.210,3.070,7.56,1.62,-1.94,27.35,303.8,-2.0,6.78
34017,18.500,-0.070,6.780,3.56,12.69,3.69,27.35,303.8,0.2,19.70
34057,9.450,-0.790,5.340,7.56,7.50,-0.25,27.35,303.8,4.8,10.88
34097,10.010,-0.530,2.220,9.69,-0.69,3.56,27.35,303.8,3.0,10.27
34137,19.950,2.920,0.000,7.56,2.25,-0.75,27.35,303.8,-8.3,20.16
34177,10.950,0.800,1.880,5.19,9.19,5.19,27.35,303.8,-4.2,11.14
34217,10.570,1.870,-0.730,10.50,4.38,-2.25,27.35,303.8,-10.0,10.76
34257,11.550,-0.820,1.470,7.31,2.56,0.62,27.35,303.8,4.1,11.67
34297,11.730,-0.390,1.710,7.19,2.44,-1.00,27.35,303.8,1.9,11.86
34337,5.640,2.250,2.770,9.25,1.00,-5.06,27.35,303.8,-21.7,6.67
34377,6.540,-0.420,2.710,4.69,6.75,2.00,27.35,303.8,3.7,7.09
34417,7.630,-0.680,3.410,4.38,1.69,0.75,27.35,303.8,5.1,8.38
34457,9.100,-0.770,-1.910,9.44,-6.25,0.88,27.35,303.8,4.8,9.33
34497,19.760,1.710,-0.880,10.06,-5.00,-3.00,27.35,303.8,-4.9,19.85
34537,10.270,2.480,0.470,4.00,-2.44,-6.12,27.35,303.8,-13.6,10.58
34577,4.940,-2.160,2.440,6.38,2.06,4.44,27.35,303.8,23.6,5.92
34617,9.630,-2.510,2.530,8.69,2.94,4.81,27.35,303.8,14.6,10.27
34657,17.770,-1.370,-0.430,3.88,1.44,1.56,27.35,303.8,4.4,17.83
34697,18.430,-1.760,1.910,5.50,1.75,4.12,27.35,303.8,5.5,18.61
34737,20.420,-1.790,0.590,7.88,-0.19,7.69,27.35,303.8,5.0,20.51
34777,7.590,-0.450,-0.400,10.75,-1.50,1.38,27.35,303.8,3.4,7.61
34817,9.310,0.240,-1.020,7.56,0.12,0.25,27.35,303.8,-1.5,9.37
34857,14.560,0.270,2.770,4.69,5.50,2.25,27.35,303.8,-1.1,14.82
34897,9.070,-1.200,0.000,7.50,4.25,2.12,27.35,303.8,7.5,9.15
34937,10.290,-0.710,2.830,5.94,1.62,-0.12,27.37,297.1,3.9,10.70
34977,9.330,-2.220,0.450,7.44,0.06,-1.19,27.37,297.1,13.4,9.60
35017,6.450,-0.670,-1.530,6.75,4.50,2.75,27.37,297.1,5.9,6.66
35057,7.000,0.000,3.780,8.00,-1.38,1.69,27.37,297.1,-0.0,7.96
35097,12.120,-0.700,-1.040,7.88,0.50,-2.81,27.37,297.1,3.3,12.18
35137,14.170,1.110,1.960,6.00,0.00,-2.25,27.37,297.1,-4.5,14.35
35177,14.660,-1.490,1.350,9.81,-4.31,-1.50,27.37,297.1,5.8,14.80
35217,5.860,0.190,-2.620,10.44,-5.06,0.38,27.37,297.1,-1.9,6.42
35257,4.080,1.570,-2.940,7.88,-3.69,-3.94,27.37,297.1,-21.0,5.27
35297,0.830,-0.940,4.230,4.88,14.25,3.81,27.37,297.1,48.6,4.41
35337,4.800,0.690,-2.590,6.94,2.44,-2.62,27.37,297.1,-8.2,5.50
35377,9.900,-0.740,-1.460,7.69,-1.38,-1.06,27.37,297.1,4.3,10.03
35417,17.020,0.370,5.240,6.25,3.62,-2.06,27.37,297.1,-1.2,17.81
35457,6.940,1.600,1.390,9.56,2.69,-3.50,27.37,297.1,-13.0,7.26
35497,11.470,-0.060,2.950,5.75,5.25,-1.12,27.37,297.1,0.3,11.84
35537,11.370,-0.900,2.090,11.62,0.19,-3.44,27.37,297.1,4.5,11.60
35577,15.160,0.040,-0.370,6.00,1.44,-4.88,27.37,297.1,-0.2,15.16
35617,9.180,1.210,-1.110,7.62,-1.62,-3.75,27.37,297.1,-7.5,9.33
35657,7.770,0.080,-2.540,9.00,-3.69,-0.38,27.37,297.1,-0.6,8.18
35697,10.320,1.420,0.370,10.75,-2.19,-2.19,27.37,297.1,-7.8,10.42
35737,7.640,0.180,-2.870,10.25,2.31,-2.25,27.37,297.1,-1.3,8.16
35777,13.200,-0.190,0.720,9.12,-0.62,-3.62,27.37,297.1,0.8,13.22
35817,4.680,-1.760,-0.640,12.12,-3.19,-0.25,27.37,297.1,20.6,5.04
35857,6.770,-0.620,0.290,9.25,1.69,-3.62,27.37,297.1,5.2,6.80
35897,8.570,2.480,-0.150,6.81,4.94,-5.19,27.37,297.1,-16.1,8.92
35937,12.500,-0.350,1.660,8.81,-3.19,-7.25,27.16,290.0,1.6,12.61
35977,10.540,-0.770,-0.390,8.62,-0.62,-0.88,27.16,290.0,4.2,10.58
36017,6.380,-0.400,-1.950,10.75,0.69,0.38,27.16,290.0,3.6,6.68
36057,22.720,-1.660,5.650,11.06,-2.81,-3.69,27.16,290.0,4.2,23.47
36097,5.470,-2.540,3.620,6.56,-1.19,2.75,27.16,290.0,24.9,7.03
36137,7.260,-3.100,-3.380,17.06,-6.56,4.12,27.16,290.0,23.1,8.59
36177,9.200,0.540,-2.570,10.62,-2.94,0.31,27.16,290.0,-3.4,9.57
36217,7.450,0.470,-2.070,11.75,-1.06,1.56,27.16,290.0,-3.6,7.75
36257,10.240,0.790,-4.210,10.06,-0.62,-0.62,27.16,290.0,-4.4,11.10
36297,7.680,-0.240,-4.280,9.00,-3.50,2.94,27.16,290.0,1.8,8.80
36337,11.580,-0.130,-1.970,14.56,-6.69,1.81,27.16,290.0,0.6,11.75
36377,0.360,0.640,-6.080,7.62,2.00,0.81,27.16,290.0,-60.6,6.12
36417,5.670,-2.450,-4.860,9.50,-2.38,9.06,27.16,290.0,23.4,7.86
36457,8.260,0.000,1.620,11.88,-1.94,3.94,27.16,290.0,-0.0,8.42
36497,5.440,1.900,-2.080,10.69,2.19,1.25,27.16,290.0,-19.3,6.13
36537,11.020,0.950,-0.710,13.25,0.62,0.44,27.16,290.0,-4.9,11.08
36577,10.460,1.940,-3.040,7.88,-0.19,-2.38,27.16,290.0,-10.5,11.06
36617,7.870,-0.450,-0.810,9.31,2.62,1.19,27.16,290.0,3.3,7.92
36657,9.920,1.470,-0.590,9.75,1.44,-1.38,27.16,290.0,-8.4,10.05
36697,11.870,1.150,-2.380,10.62,0.19,-2.12,27.16,290.0,-5.5,12.16
36737,8.480,-0.530,-1.230,7.00,4.56,-0.38,27.16,290.0,3.6,8.59
36777,9.790,0.330,-0.250,7.38,-1.06,-3.00,27.16,290.0,-1.9,9.80
36817,7.670,3.960,-4.430,13.25,-10.00,-11.00,27.16,290.0,-27.3,9.70
36857,4.610,2.320,-2.420,18.56,-0.12,-8.38,27.16,290.0,-26.7,5.70
36897,-1.190,0.560,-2.860,9.00,5.00,-5.31,27.16,290.0,-154.8,3.15
36937,6.090,-1.710,0.200,6.81,4.75,0.81,27.87,282.0,15.7,6.33
36977,18.050,0.250,2.970,4.81,-3.00,-5.38,27.87,282.0,-0.8,18.29
37017,1.830,0.640,-7.540,8.81,8.69,-0.62,27.87,282.0,-19.3,7.79
37057,-2.750,-0.630,-2.790,3.50,9.06,11.00,27.87,282.0,167.1,3.97
37097,4.220,0.580,4.360,2.00,11.69,5.38,27.87,282.0,-7.8,6.10
37137,6.160,-1.410,3.690,3.88,8.31,6.31,27.87,282.0,12.9,7.32
37177,6.090,-1.680,-0.640,2.00,8.25,-0.06,27.87,282.0,15.4,6.35
37217,4.300,-0.340,1.260,7.44,1.12,-0.75,27.87,282.0,4.5,4.49
37257,8.650,-0.080,1.930,7.75,0.81,-1.50,27.87,282.0,0.5,8.86
37297,15.210,-0.210,-0.340,7.38,-0.38,-1.44,27.87,282.0,0.8,15.22
37337,11.180,3.680,-4.880,8.31,-6.62,-1.19,27.87,282.0,-18.2,12.74
37377,8.140,-0.090,-1.540,7.75,-0.12,4.19,27.87,282.0,0.6,8.28
37417,6.120,0.180,0.890,10.88,0.38,1.44,27.87,282.0,-1.7,6.19
37457,14.400,2.030,2.420,4.31,2.06,-1.12,27.87,282.0,-8.0,14.74
37497,9.510,0.030,-3.620,9.38,-0.88,2.06,27.87,282.0,-0.2,10.18
37537,5.220,1.340,-0.450,6.19,2.00,1.25,27.87,282.0,-14.4,5.41
37577,12.600,-0.410,2.610,4.69,7.88,5.94,27.87,282.0,1.9,12.87
37617,9.170,0.220,1.910,4.75,9.12,12.25,27.87,282.0,-1.4,9.37
37657,8.230,-0.850,5.110,5.50,0.88,7.38,27.87,282.0,5.9,9.72
37697,8.970,-2.090,1.240,5.62,2.88,3.25,27.87,282.0,13.1,9.29
37737,7.590,-1.210,3.170,7.19,3.62,1.38,27.87,282.0,9.1,8.31
37777,11.100,0.470,-0.590,7.06,1.75,1.56,27.87,282.0,-2.4,11.13
37817,-1.140,-0.040,-0.890,2.94,10.44,5.50,27.87,282.0,178.0,1.45
37857,7.090,-0.910,5.350,-0.75,8.50,4.06,27.87,282.0,7.3,8.93
37897,5.750,-1.390,0.370,5.62,1.50,7.06,27.87,282.0,13.6,5.93
37937,8.470,-0.460,0.780,8.00,2.62,1.50,27.23,272.5,3.1,8.52
37977,6.850,-2.040,1.420,4.94,5.44,2.12,27.23,272.5,16.6,7.29
38017,6.780,-1.090,1.640,6.00,1.81,1.31,27.23,272.5,9.1,7.06
38057,10.200,-0.040,0.540,4.88,-0.06,-2.50,27.23,272.5,0.2,10.21
38097,16.120,2.510,-4.100,8.81,-3.19,-5.88,27.23,272.5,-8.9,16.82
38137,19.210,2.420,-5.930,12.81,-1.19,-7.12,27.23,272.5,-7.2,20.25
38177,8.170,-1.950,-8.200,15.62,-7.81,3.38,27.23,272.5,13.4,11.74
38217,12.620,-1.460,-6.000,14.19,-6.06,0.81,27.23,272.5,6.6,14.05
38257,-0.020,-0.050,-1.430,9.38,6.25,-2.31,27.23,272.5,111.8,1.43
38297,9.360,-1.080,2.640,-0.06,8.19,-1.38,27.23,272.5,6.6,9.78
38337,7.580,0.610,3.120,5.12,3.06,-5.81,27.23,272.5,-4.6,8.22
38377,10.890,1.100,-1.720,8.38,-3.38,-4.19,27.23,272.5,-5.8,11.08
38417,16.170,4.170,0.170,11.94,-1.25,-7.38,27.23,272.5,-14.5,16.70
38457,0.780,1.310,-3.120,17.00,-6.06,-12.19,27.23,272.5,-59.2,3.47
38497,15.910,1.210,5.730,1.88,9.31,-1.31,27.23,272.5,-4.3,16.95
38537,4.860,0.640,3.360,3.56,7.50,4.88,27.23,272.5,-7.5,5.94
38577,9.620,0.900,3.880,3.88,6.25,4.88,27.23,272.5,-5.3,10.41
38617,8.230,-0.700,3.100,4.44,3.06,1.81,27.23,272.5,4.9,8.82
38657,13.740,0.460,-0.590,8.31,-0.94,0.00,27.23,272.5,-1.9,13.76
38697,15.130,-1.300,2.340,8.31,1.31,0.75,27.23,272.5,4.9,15.36
38737,12.890,0.520,2.720,11.81,-0.50,-0.88,27.23,272.5,-2.3,13.18
38777,9.970,0.110,1.340,11.56,2.00,-1.50,27.23,272.5,-0.6,10.06
38817,9.120,1.220,2.060,7.69,2.00,-1.94,27.23,272.5,-7.6,9.43
38857,8.150,0.430,-0.190,7.31,2.56,0.06,27.23,272.5,-3.0,8.16
38897,8.240,-1.240,2.790,1.38,0.19,2.69,27.23,272.5,8.6,8.79
38937,11.100,-0.800,0.710,13.31,-2.19,0.25,26.78,264.6,4.1,11.15
38977,14.630,-2.420,-2.050,10.88,-1.12,3.44,26.78,264.6,9.4,14.97
39017,8.320,-1.500,0.250,9.25,1.50,4.00,26.78,264.6,10.2,8.46
39057,7.530,-1.780,3.140,8.44,3.81,3.88,26.78,264.6,13.3,8.35
39097,9.270,-3.420,-0.010,11.44,-0.56,6.44,26.78,264.6,20.3,9.88
39137,10.120,-2.240,2.540,9.25,1.62,3.56,26.78,264.6,12.5,10.67
39177,12.100,-0.690,1.810,8.56,0.50,0.75,26.78,264.6,3.3,12.25
39217,13.540,0.710,-4.570,8.00,2.81,1.31,26.78,264.6,-3.0,14.31
39257,20.190,-2.750,0.630,10.31,3.94,3.00,26.78,264.6,7.8,20.39
39297,9.810,-0.480,-0.720,7.38,2.88,3.31,26.78,264.6,2.8,9.85
39337,5.400,-1.660,4.100,11.69,5.06,2.81,26.78,264.6,17.1,6.98
39377,7.990,-3.360,0.090,8.19,5.00,8.69,26.78,264.6,22.8,8.67
39417,4.590,-0.380,2.140,7.69,4.19,1.12,26.78,264.6,4.7,5.08
39457,10.950,-0.820,1.570,7.25,-1.56,0.19,26.78,264.6,4.3,11.09
39497,15.400,-0.910,3.240,8.69,-2.25,-4.62,26.78,264.6,3.4,15.76
39537,10.880,1.380,-4.790,9.88,-1.69,-3.31,26.78,264.6,-7.2,11.97
39577,6.350,-1.450,2.240,12.00,2.44,3.38,26.78,264.6,12.9,6.89
39617,13.260,-0.070,4.210,4.88,4.31,-1.88,26.78,264.6,0.3,13.91
39657,7.930,-0.060,0.000,10.06,2.25,-4.06,26.78,264.6,0.4,7.93
39697,7.580,-0.230,1.320,6.00,3.75,-1.94,26.78,264.6,1.7,7.70
39737,10.830,1.420,0.010,9.50,-0.81,-0.44,26.78,264.6,-7.5,10.92
39777,7.610,0.720,-1.540,6.12,5.44,0.06,26.78,264.6,-5.4,7.80
39817,10.140,0.810,1.420,7.94,2.06,1.19,26.78,264.6,-4.6,10.27
39857,9.180,-0.380,2.480,5.69,4.38,1.50,26.78,264.6,2.4,9.52
39897,6.520,-1.280,0.110,10.38,-1.62,0.94,26.78,264.6,11.1,6.65
39937,1.860,1.090,-2.860,10.69,0.69,2.12,26.46,257.1,-30.4,3.58
39977,6.510,0.520,0.420,3.94,5.88,4.50,26.46,257.1,-4.6,6.54
40017,4.760,0.240,2.380,5.56,8.38,6.06,26.46,257.1,-2.9,5.33
40057,10.390,-1.740,2.880,5.25,6.06,7.94,26.46,257.1,9.5,10.92
40097,6.090,-2.910,-0.160,12.94,-3.31,6.12,26.46,257.1,25.5,6.75
40137,10.280,-2.200,0.390,11.69,-0.75,3.25,26.46,257.1,12.1,10.52
40177,8.550,-2.140,0.280,8.62,2.31,4.81,26.46,257.1,14.1,8.82
40217,13.280,-1.300,-0.090,7.75,2.00,0.81,26.46,257.1,5.6,13.34
40257,12.900,2.950,-2.640,8.31,2.12,-0.62,26.46,257.1,-12.9,13.49
40297,9.160,2.450,-3.650,10.19,1.31,-4.62,26.46,257.1,-15.0,10.16
40337,14.500,0.660,3.730,6.31,1.50,-4.25,26.46,257.1,-2.6,14.99
40377,8.060,-3.360,-0.570,13.31,-1.25,0.50,26.46,257.1,22.6,8.75
40417,7.600,-0.320,-0.610,9.38,0.94,-2.44,26.46,257.1,2.4,7.63
40457,7.360,-0.300,2.520,5.81,1.00,-0.12,26.46,257.1,2.3,7.79
40497,1.450,-0.140,-1.520,8.06,0.50,-4.69,26.46,257.1,5.5,2.11
40537,6.730,-0.340,-2.120,0.38,6.62,1.00,26.46,257.1,2.9,7.06
40577,9.920,0.500,-0.550,6.56,4.81,3.38,26.46,257.1,-2.9,9.95
40617,9.310,1.310,1.630,6.62,4.56,-2.38,26.46,257.1,-8.0,9.54
40657,12.720,-0.610,-0.400,8.94,-0.50,-1.50,26.46,257.1,2.7,12.74
40697,7.750,-0.080,-2.160,7.19,3.94,-0.44,26.46,257.1,0.6,8.05
40737,8.110,-0.420,1.420,7.62,1.00,-2.31,26.46,257.1,3.0,8.24
40777,5.940,-0.910,1.060,10.12,-0.88,0.31,26.46,257.1,8.7,6.10
40817,10.260,-0.760,1.580,6.44,-0.62,-0.19,26.46,257.1,4.2,10.41
40857,12.030,0.110,0.500,11.12,-2.06,-2.25,26.46,257.1,-0.5,12.04
40897,0.410,2.140,-3.660,8.69,4.00,-0.69,26.46,257.1,-79.2,4.26
40937,15.740,1.490,0.550,2.19,5.38,1.19,26.95,247.6,-5.4,15.82
40977,4.800,2.320,-6.440,15.94,4.44,-3.19,26.95,247.6,-25.8,8.36
41017,13.210,2.030,5.660,0.31,7.69,-2.81,26.95,247.6,-8.7,14.51
41057,10.960,0.100,-0.440,9.00,-1.62,-1.56,26.95,247.6,-0.5,10.97
41097,10.930,1.670,0.050,8.44,-1.19,-5.44,26.95,247.6,-8.7,11.06
41137,9.140,0.800,3.550,5.06,1.69,0.62,26.95,247.6,-5.0,9.84
41177,9.910,-0.280,0.500,6.81,0.38,2.44,26.95,247.6,1.6,9.93
41217,11.120,-0.830,1.350,7.12,1.19,4.44,26.95,247.6,4.3,11.23
41257,8.590,-0.390,2.430,6.69,1.75,5.44,26.95,247.6,2.6,8.94
41297,8.860,-0.220,-2.870,8.06,-1.75,4.31,26.95,247.6,1.4,9.32
41337,9.410,0.250,-1.930,8.12,1.00,2.88,26.95,247.6,-1.5,9.61
41377,3.580,-0.130,-0.550,9.81,-5.19,-0.69,26.95,247.6,2.1,3.62
41417,18.820,-0.210,-1.350,7.31,-1.06,1.62,26.95,247.6,0.6,18.87
41457,8.910,-0.750,1.020,9.62,0.81,4.00,26.95,247.6,4.8,9.00
41497,10.380,0.750,-1.370,9.50,-1.25,2.44,26.95,247.6,-4.1,10.50
41537,8.570,0.290,2.960,3.44,6.38,1.69,26.95,247.6,-1.9,9.07
41577,10.760,0.720,-2.460,8.88,-3.62,0.88,26.95,247.6,-3.8,11.06
41617,8.100,0.250,-4.580,5.06,9.06,1.94,26.95,247.6,-1.8,9.31
41657,14.650,0.940,5.670,2.69,9.19,3.56,26.95,247.6,-3.7,15.74
41697,6.470,-1.860,3.580,3.94,10.12,4.00,26.95,247.6,16.0,7.62
41737,6.870,-1.640,0.030,2.88,4.19,2.06,26.95,247.6,13.4,7.06
41777,7.510,-0.610,-0.610,3.62,0.88,-1.81,26.95,247.6,4.6,7.56
41817,8.760,-0.660,2.440,4.56,0.94,-0.69,26.95,247.6,4.3,9.12
41857,9.540,0.090,-0.790,6.31,-2.62,-0.38,26.95,247.6,-0.5,9.57
41897,11.680,0.440,-1.430,5.31,-0.38,-2.25,26.95,247.6,-2.2,11.78
41937,10.500,-0.800,-0.500,4.75,0.19,1.38,27.13,240.3,4.4,10.54
41977,9.350,-0.340,-0.930,5.56,0.62,-0.88,27.13,240.3,2.1,9.40
42017,6.830,-0.790,-2.090,3.25,1.75,-0.31,27.13,240.3,6.6,7.19
42057,8.740,0.310,-0.580,4.50,0.56,-2.62,27.13,240.3,-2.0,8.76
42097,8.120,0.110,2.070,4.88,-1.19,-1.50,27.13,240.3,-0.8,8.38
42137,7.480,0.140,-0.340,3.62,3.00,0.56,27.13,240.3,-1.1,7.49
42177,8.330,1.660,-2.930,6.00,-0.88,-2.19,27.13,240.3,-11.3,8.98
42217,10.100,0.800,3.490,0.50,2.31,-1.88,27.13,240.3,-4.5,10.72
42257,9.090,1.740,-3.870,9.19,-2.25,-0.19,27.13,240.3,-10.8,10.03
42297,7.380,0.490,0.960,2.12,2.56,1.44,27.13,240.3,-3.8,7.46
42337,12.800,-0.150,3.900,4.62,1.56,2.19,27.13,240.3,0.7,13.38
42377,6.440,-3.230,0.760,4.44,8.44,7.94,27.13,240.3,26.6,7.24
42417,14.650,-1.070,1.230,0.00,3.56,7.25,27.13,240.3,4.2,14.74
42457,5.800,0.520,-2.710,6.56,2.31,0.88,27.13,240.3,-5.1,6.42
42497,9.380,0.620,1.070,1.25,3.12,-0.12,27.13,240.3,-3.8,9.46
42537,10.990,0.380,0.410,4.25,0.81,0.12,27.13,240.3,-2.0,11.00
42577,9.530,-0.140,2.040,3.56,1.50,-1.44,27.13,240.3,0.8,9.75
42617,11.130,1.840,-1.020,6.75,-3.69,-1.56,27.13,240.3,-9.4,11.33
42657,10.190,0.280,0.810,3.88,2.12,-0.94,27.13,240.3,-1.6,10.23
42697,8.530,-0.520,-1.450,1.81,3.88,2.31,27.13,240.3,3.5,8.67
42737,6.950,-0.490,-0.260,4.69,2.06,1.94,27.13,240.3,4.0,6.97
42777,9.550,-1.500,0.110,3.12,1.75,2.56,27.13,240.3,8.9,9.67
42817,6.620,0.820,0.410,6.00,1.44,-2.62,27.13,240.3,-7.1,6.68
42857,5.160,0.760,-1.250,4.06,-0.88,-2.69,27.13,240.3,-8.4,5.36
42897,10.260,1.590,-1.690,5.81,-4.31,-3.56,27.13,240.3,-8.8,10.52
42937,3.740,0.570,-0.910,2.56,-2.12,-0.44,27.06,234.3,-8.7,3.89
42977,5.930,0.310,1.590,4.75,-2.50,-0.38,27.06,234.3,-3.0,6.15
43017,9.950,-0.090,-0.540,4.19,1.00,3.38,27.06,234.3,0.5,9.97
43057,9.160,-1.340,1.900,8.69,-1.69,4.88,27.06,234.3,8.3,9.45
43097,9.780,0.160,0.560,4.06,2.75,3.25,27.06,234.3,-0.9,9.80
43137,11.990,-0.850,0.080,4.44,0.19,-0.25,27.06,234.3,4.1,12.02
43177,11.840,-1.130,-0.090,6.38,-1.69,0.19,27.06,234.3,5.5,11.89
43217,12.170,0.610,0.450,6.44,-2.31,-0.50,27.06,234.3,-2.9,12.19
43257,13.140,0.460,0.100,3.62,-0.50,-0.06,27.06,234.3,-2.0,13.15
43297,13.960,-1.040,2.410,7.06,0.62,0.50,27.06,234.3,4.3,14.20
43337,14.610,-3.040,4.850,3.38,5.12,4.06,27.06,234.3,11.8,15.69
43377,10.720,0.210,-0.670,5.06,-0.62,-0.75,27.06,234.3,-1.1,10.74
43417,10.880,-1.170,1.360,2.19,3.88,0.81,27.06,234.3,6.1,11.03
43457,6.540,-1.140,2.590,7.00,4.44,2.00,27.06,234.3,9.9,7.13
43497,9.110,-2.160,-0.160,3.06,3.62,2.62,27.06,234.3,13.3,9.36
43537,12.420,-1.670,1.590,6.38,1.88,0.56,27.06,234.3,7.7,12.63
43577,8.190,-0.730,2.190,4.81,4.88,-1.81,27.06,234.3,5.1,8.51
43617,6.040,-0.250,1.500,5.12,0.88,-0.62,27.06,234.3,2.4,6.23
43657,9.940,-1.070,2.700,5.38,2.25,-1.25,27.06,234.3,6.1,10.36
43697,9.900,-0.680,0.890,4.38,0.19,0.44,27.06,234.3,3.9,9.96
43737,4.630,-0.080,2.150,6.88,-1.12,2.62,27.06,234.3,1.0,5.11
43777,10.970,1.000,3.290,5.88,2.25,2.25,27.06,234.3,-5.2,11.50
43817,16.330,0.070,-2.770,5.19,7.00,3.69,27.06,234.3,-0.2,16.56
43857,17.130,-0.610,2.330,8.06,2.69,4.81,27.06,234.3,2.0,17.30
43897,9.770,-0.950,-0.680,5.81,2.75,3.94,27.06,234.3,5.6,9.84
43937,8.280,-1.760,2.520,4.38,1.44,3.25,27.35,228.9,12.0,8.83
43977,10.600,-0.960,0.700,4.81,-0.25,-0.44,27.35,228.9,5.2,10.67
44017,7.960,0.760,-1.480,3.38,2.56,1.19,27.35,228.9,-5.5,8.13
44057,6.890,-1.530,2.760,4.88,-2.12,2.69,27.35,228.9,12.5,7.58
44097,11.310,-0.250,-0.920,5.44,0.56,2.94,27.35,228.9,1.3,11.35
44137,11.800,0.830,0.660,1.56,2.81,4.00,27.35,228.9,-4.0,11.85
44177,8.270,0.340,0.360,4.50,2.12,1.25,27.35,228.9,-2.4,8.28
44217,8.990,-1.020,0.840,3.44,3.56,2.75,27.35,228.9,6.5,9.09
44257,10.590,-1.320,0.300,2.50,2.00,3.69,27.35,228.9,7.1,10.68
44297,5.070,0.180,1.750,2.31,1.38,1.94,27.35,228.9,-2.0,5.37
44337,5.710,-0.800,2.030,-0.06,2.31,3.94,27.35,228.9,8.0,6.11
44377,8.690,-1.060,0.190,4.56,-1.38,2.69,27.35,228.9,7.0,8.76
44417,10.160,-0.970,1.750,-0.62,1.06,4.94,27.35,228.9,5.5,10.36
44457,11.730,1.540,-4.300,4.88,-6.31,2.75,27.35,228.9,-7.5,12.59
44497,12.540,0.610,4.830,6.44,-5.19,-0.56,27.35,228.9,-2.8,13.45
44537,5.520,0.260,-2.810,-0.88,-0.62,5.88,27.35,228.9,-2.7,6.20
44577,9.890,0.350,-0.150,6.62,-1.88,4.25,27.35,228.9,-2.0,9.90
44617,10.640,0.280,1.390,0.44,2.12,1.25,27.35,228.9,-1.5,10.73
44657,11.560,0.260,0.700,2.19,0.06,4.06,27.35,228.9,-1.3,11.58
44697,13.520,-0.430,0.830,1.69,0.38,6.25,27.35,228.9,1.8,13.55
44737,12.540,-0.060,-0.590,-0.12,4.88,3.19,27.35,228.9,0.3,12.55
44777,11.520,-0.040,0.200,-1.56,3.81,4.50,27.35,228.9,0.2,11.52
44817,7.920,-0.030,-1.990,2.62,1.50,3.38,27.35,228.9,0.2,8.17
44857,7.300,1.590,1.530,-2.38,4.56,3.25,27.35,228.9,-12.3,7.63
44897,6.500,-0.780,0.090,0.75,0.25,5.69,27.35,228.9,6.8,6.55
44937,8.660,0.330,0.190,0.69,1.06,6.19,26.17,224.2,-2.2,8.67
44977,10.160,-0.760,1.480,-0.12,-4.19,3.06,26.17,224.2,4.3,10.30
45017,12.910,-1.090,1.420,-0.12,-0.12,2.88,26.17,224.2,4.8,13.03
45057,11.090,-1.390,1.620,-0.69,-1.12,4.06,26.17,224.2,7.1,11.29
45097,8.860,-0.480,-0.220,0.75,-1.75,3.88,26.17,224.2,3.1,8.88
45137,0.190,-0.090,0.720,-1.19,1.44,7.56,26.17,224.2,25.3,0.75
45177,7.990,0.030,-1.160,0.50,0.81,3.62,26.17,224.2,-0.2,8.07
45217,13.380,-3.320,2.370,1.88,0.62,8.44,26.17,224.2,13.9,13.99
45257,7.970,-2.550,-1.390,-4.19,5.50,6.44,26.17,224.2,17.7,8.48
45297,9.100,0.340,-0.950,-0.06,-0.06,6.88,26.17,224.2,-2.1,9.16
45337,10.530,-1.950,-0.540,1.00,-2.38,6.38,26.17,224.2,10.5,10.72
45377,9.980,1.130,-0.870,-0.12,-3.94,2.50,26.17,224.2,-6.5,10.08
45417,8.780,-0.450,2.100,0.06,0.88,6.81,26.17,224.2,2.9,9.04
45457,9.450,-1.980,0.630,-2.38,1.50,9.19,26.17,224.2,11.8,9.68
45497,7.370,0.160,-1.650,2.12,-3.38,7.69,26.17,224.2,-1.2,7.55
45537,9.170,0.030,3.830,0.62,1.62,6.94,26.17,224.2,-0.2,9.94
45577,8.300,-0.530,-0.780,0.31,-1.94,6.19,26.17,224.2,3.7,8.35
45617,9.650,0.740,1.080,-1.19,-1.81,8.31,26.17,224.2,-4.4,9.74
45657,11.870,0.050,-2.220,0.69,-1.06,7.25,26.17,224.2,-0.2,12.08
45697,6.580,0.860,-0.570,-1.19,0.06,6.50,26.17,224.2,-7.4,6.66
45737,11.380,1.090,-2.950,1.69,-2.50,3.81,26.17,224.2,-5.5,11.81
45777,12.790,-0.250,0.990,-2.00,4.94,5.06,26.17,224.2,1.1,12.83
45817,10.360,-0.380,2.550,-3.00,3.69,6.00,26.17,224.2,2.1,10.68
45857,12.410,-1.020,1.340,-1.81,2.06,6.56,26.17,224.2,4.7,12.52
45897,10.000,-1.060,0.420,-1.56,0.31,6.75,26.17,224.2,6.1,10.06
45937,7.070,0.040,-1.680,0.31,1.00,6.25,27.23,222.6,-0.3,7.27
45977,11.050,0.220,-0.390,-2.56,2.75,7.00,27.23,222.6,-1.1,11.06
46017,8.300,-0.040,1.870,-3.06,-0.88,6.19,27.23,222.6,0.3,8.51
46057,8.150,0.290,1.710,-0.44,0.75,7.31,27.23,222.6,-2.0,8.33
46097,7.340,-0.560,-0.240,-5.44,-0.31,8.38,27.23,222.6,4.4,7.37
46137,8.230,-0.130,0.540,-0.69,-3.19,7.06,27.23,222.6,0.9,8.25
46177,7.330,-0.680,3.280,-3.00,1.62,9.44,27.23,222.6,5.3,8.06
46217,15.170,-2.400,-0.690,-5.62,-2.06,10.12,27.23,222.6,9.0,15.37
46257,8.240,-0.790,-1.730,1.38,-5.19,5.94,27.23,222.6,5.5,8.46
46297,14.500,-0.200,2.590,-4.69,1.56,4.31,27.23,222.6,0.8,14.73
46337,8.480,-0.120,-1.880,-5.19,-0.50,5.25,27.23,222.6,0.8,8.69
46377,7.910,-1.780,3.740,-1.44,0.56,3.12,27.23,222.6,12.7,8.93
46417,5.750,-1.180,-4.790,-9.06,1.25,4.62,27.23,222.6,11.6,7.58
46457,6.760,0.200,1.480,-6.12,5.44,7.56,27.23,222.6,-1.7,6.92
46497,10.080,-2.420,-1.840,-3.56,0.12,8.56,27.23,222.6,13.5,10.53
46537,8.750,0.580,1.180,-7.19,6.94,5.44,27.23,222.6,-3.8,8.85
46577,9.190,-0.130,1.840,-4.31,0.81,6.44,27.23,222.6,0.8,9.37
46617,14.270,-0.910,-0.500,-4.75,-0.62,6.75,27.23,222.6,3.6,14.31
46657,11.390,-1.420,0.920,-6.44,6.50,6.12,27.23,222.6,7.1,11.51
46697,9.640,-3.130,-0.710,-3.12,2.81,8.56,27.23,222.6,18.0,10.16
46737,8.330,0.140,1.410,-4.94,6.56,5.12,27.23,222.6,-1.0,8.45
46777,12.140,-1.140,1.950,-7.69,3.56,4.69,27.23,222.6,5.4,12.35
46817,10.990,-0.850,0.190,-4.94,3.19,5.38,27.23,222.6,4.4,11.02
46857,9.390,-0.900,2.080,-6.50,4.12,3.50,27.23,222.6,5.5,9.66
46897,7.960,-1.040,1.330,-5.31,3.31,3.88,27.23,222.6,7.4,8.14
46937,9.420,0.080,2.510,-5.50,1.38,4.69,26.97,223.6,-0.5,9.75
46977,8.980,-0.630,0.840,-6.12,-0.81,5.25,26.97,223.6,4.0,9.04
47017,8.620,-0.100,0.110,-5.25,1.25,5.94,26.97,223.6,0.7,8.62
47057,5.820,-0.440,2.290,-7.50,-1.88,6.81,26.97,223.6,4.3,6.27
47097,13.530,-0.830,0.780,-4.12,-3.75,3.88,26.97,223.6,3.5,13.58
47137,5.540,-2.050,-0.770,-3.56,-1.69,6.38,26.97,223.6,20.3,5.96
47177,4.640,0.710,0.820,-11.44,8.00,-3.38,26.97,223.6,-8.7,4.77
47217,9.780,1.490,-1.210,-7.12,-0.50,-1.56,26.97,223.6,-8.7,9.97
47257,10.860,-1.260,0.380,-7.38,6.06,1.94,26.97,223.6,6.6,10.94
47297,10.910,-2.260,-2.210,-6.75,0.00,4.31,26.97,223.6,11.7,11.36
47337,11.220,-0.630,5.110,-8.00,4.00,-0.50,26.97,223.6,3.2,12.34
47377,8.160,-1.430,-3.350,-3.62,-2.50,2.00,26.97,223.6,9.9,8.94
47417,12.240,-2.810,0.830,-8.06,1.69,3.25,26.97,223.6,12.9,12.59
47457,18.600,-0.910,-2.760,-5.06,-1.50,-0.88,26.97,223.6,2.8,18.83
47497,6.180,0.000,-0.310,-5.69,3.88,1.62,26.97,223.6,-0.0,6.19
47537,8.050,-0.030,2.070,-7.12,-0.38,2.19,26.97,223.6,0.2,8.31
47577,6.750,0.110,-1.500,-6.31,-1.44,1.12,26.97,223.6,-0.9,6.92
47617,12.750,0.090,0.170,-5.31,-1.75,2.44,26.97,223.6,-0.4,12.75
47657,10.680,-0.150,-0.410,-4.88,-0.69,0.94,26.97,223.6,0.8,10.69
47697,9.500,-1.920,1.220,-8.94,3.69,1.62,26.97,223.6,11.4,9.77
47737,8.810,-0.860,-0.770,-5.00,-0.56,1.19,26.97,223.6,5.6,8.89
47777,13.010,-0.820,0.200,-9.12,5.06,1.06,26.97,223.6,3.6,13.04
47817,10.890,-0.670,0.430,-7.50,0.12,0.00,26.97,223.6,3.5,10.92
47857,10.950,-0.290,-0.070,-7.19,1.88,-2.00,26.97,223.6,1.5,10.95
47897,5.810,0.340,-0.590,-7.38,2.06,-2.75,26.97,223.6,-3.3,5.85
47937,9.170,-0.320,0.910,-8.12,1.31,-1.12,26.87,227.4,2.0,9.22
47977,9.920,-1.150,-1.350,-8.38,0.38,0.00,26.87,227.4,6.6,10.08
48017,5.810,-0.070,-0.760,-7.25,0.88,-0.69,26.87,227.4,0.7,5.86
48057,9.540,0.320,2.360,-9.62,3.25,-3.12,26.87,227.4,-1.9,9.83
48097,7.220,-0.490,-2.180,-6.44,-0.25,-0.38,26.87,227.4,3.9,7.56
48137,5.220,0.520,-0.720,-8.88,3.12,-0.50,26.87,227.4,-5.7,5.30
48177,9.620,-1.100,-4.990,-13.06,5.69,-1.31,26.87,227.4,6.5,10.89
48217,9.500,0.520,2.900,-8.50,-0.25,-0.31,26.87,227.4,-3.1,9.95
48257,12.470,-0.570,0.010,-9.75,0.31,1.12,26.87,227.4,2.6,12.48
48297,4.790,-0.210,1.350,-4.56,4.12,0.50,26.87,227.4,2.5,4.98
48337,11.600,-1.590,2.330,-11.06,4.50,-0.50,26.87,227.4,7.8,11.94
48377,8.890,-0.350,1.390,-9.50,3.75,0.19,26.87,227.4,2.3,9.00
48417,8.760,-0.010,0.200,-10.12,0.44,-0.06,26.87,227.4,0.1,8.76
48457,8.550,0.340,2.800,-8.31,4.12,-0.31,26.87,227.4,-2.3,9.00
48497,5.600,-1.280,-1.630,-11.00,1.38,1.00,26.87,227.4,12.9,5.97
48537,8.810,-1.390,-2.440,-8.38,-1.62,2.06,26.87,227.4,9.0,9.25
48577,1.920,0.810,0.510,-9.69,2.94,-0.56,26.87,227.4,-22.9,2.15
48617,10.380,0.330,-0.410,-8.12,2.69,-1.56,26.87,227.4,-1.8,10.39
48657,6.890,-0.660,0.390,-9.25,4.25,2.75,26.87,227.4,5.5,6.93
48697,9.100,-0.570,-1.530,-4.88,-1.38,2.31,26.87,227.4,3.6,9.25
48737,10.100,-0.380,0.090,-8.31,3.56,3.25,26.87,227.4,2.2,10.11
48777,7.310,-0.600,-0.080,-8.50,3.75,3.19,26.87,227.4,4.7,7.34
48817,13.730,-0.150,1.520,-7.94,1.44,1.62,26.87,227.4,0.6,13.81
48857,13.790,-0.380,-1.580,-5.31,-0.81,0.06,26.87,227.4,1.6,13.89
48897,7.870,-0.120,-0.090,-6.12,0.62,-0.19,26.87,227.4,0.9,7.87
48937,7.850,0.180,1.460,-6.81,-0.25,0.88,26.84,233.9,-1.3,7.99
48977,9.540,-0.470,-1.360,-7.44,-3.19,4.06,26.84,233.9,2.8,9.65
49017,7.870,-1.460,1.240,-8.75,5.25,3.69,26.84,233.9,10.5,8.10
49057,11.520,-1.530,3.040,-7.75,3.56,3.12,26.84,233.9,7.6,12.01
49097,5.720,-0.500,-0.430,-6.75,0.50,2.31,26.84,233.9,5.0,5.76
49137,5.470,-0.280,1.140,-7.81,1.50,3.12,26.84,233.9,2.9,5.59
49177,9.160,-0.240,3.150,-10.00,3.06,2.88,26.84,233.9,1.5,9.69
49217,12.030,-2.090,-3.130,-6.94,-3.12,3.38,26.84,233.9,9.9,12.60
49257,7.430,0.220,-4.180,-5.81,-0.94,-3.38,26.84,233.9,-1.7,8.53
49297,10.350,1.890,-0.290,-8.19,4.81,-7.25,26.84,233.9,-10.3,10.53
49337,9.270,-0.230,-0.310,-8.75,5.81,-5.06,26.84,233.9,1.4,9.28
49377,10.860,0.380,-0.460,-7.56,3.19,-5.12,26.84,233.9,-2.0,10.88
49417,12.410,0.680,0.030,-7.06,0.88,-2.81,26.84,233.9,-3.1,12.43
49457,22.040,-0.670,3.980,-10.88,2.38,-3.44,26.84,233.9,1.7,22.41
49497,5.440,1.300,-0.340,-3.06,-0.44,-3.00,26.84,233.9,-13.4,5.60
49537,7.940,0.890,1.310,-8.38,-0.06,-0.31,26.84,233.9,-6.4,8.10
49577,7.500,-0.490,2.180,-9.69,-0.56,4.19,26.84,233.9,3.7,7.83
49617,5.050,-1.470,0.520,-6.31,-3.50,7.25,26.84,233.9,16.2,5.29
49657,15.130,-2.650,2.600,-8.06,-1.50,4.94,26.84,233.9,9.9,15.58
49697,17.320,-4.100,-4.260,-4.38,-5.38,3.88,26.84,233.9,13.3,18.30
49737,8.330,-0.950,2.200,-7.00,4.88,-4.00,26.84,233.9,6.5,8.67
49777,14.020,-0.170,-3.790,-11.56,-0.56,-5.25,26.84,233.9,0.7,14.52
49817,10.860,-0.200,-2.160,-5.25,-2.56,-6.06,26.84,233.9,1.1,11.07
49857,10.990,1.060,0.120,-6.12,0.88,-6.56,26.84,233.9,-5.5,11.04
49897,14.140,0.480,2.830,-11.25,6.94,-4.38,26.84,233.9,-1.9,14.43
49937,8.880,0.800,-1.190,-4.06,1.00,-3.94,26.69,241.3,-5.1,9.00
49977,8.730,-0.330,1.040,-6.94,1.69,-1.44,26.69,241.3,2.2,8.80
50017,5.740,-0.270,2.820,-10.25,3.50,1.62,26.69,241.3,2.7,6.40
50057,8.810,-0.070,-0.570,-4.75,-4.38,1.50,26.69,241.3,0.5,8.83
50097,10.490,0.430,-2.250,-5.44,-0.88,0.75,26.69,241.3,-2.3,10.74
50137,9.380,-1.750,-2.970,-7.12,1.81,2.81,26.69,241.3,10.6,9.99
50177,12.030,0.320,1.440,-8.38,2.56,-0.56,26.69,241.3,-1.5,12.12
50217,7.290,-0.710,1.020,-9.50,3.75,0.81,26.69,241.3,5.6,7.40
50257,8.230,-0.500,1.010,-6.06,1.56,1.31,26.69,241.3,3.5,8.31
50297,10.590,-1.060,-0.310,-7.38,0.12,3.50,26.69,241.3,5.7,10.65
50337,10.200,0.020,0.970,-8.06,2.06,1.56,26.69,241.3,-0.1,10.25
50377,9.980,-0.420,-0.790,-9.94,1.88,0.12,26.69,241.3,2.4,10.02
50417,8.550,-0.750,1.780,-4.50,4.25,0.19,26.69,241.3,5.0,8.77
50457,11.800,-0.390,-0.540,-5.38,0.06,-0.62,26.69,241.3,1.9,11.82
50497,9.720,-0.710,-0.540,-9.00,2.50,-0.75,26.69,241.3,4.2,9.76
50537,4.930,0.020,-1.120,-7.19,1.31,-1.12,26.69,241.3,-0.2,5.06
50577,7.730,-0.150,2.750,-9.56,3.06,0.38,26.69,241.3,1.1,8.21
50617,14.570,-0.580,0.210,-6.25,-1.19,0.75,26.69,241.3,2.3,14.58
50657,16.730,2.900,-0.080,-9.06,2.75,-7.12,26.69,241.3,-9.8,16.98
50697,13.550,1.180,0.670,-8.94,-0.44,-6.06,26.69,241.3,-5.0,13.62
50737,9.040,0.240,-0.190,-6.12,0.19,-2.56,26.69,241.3,-1.5,9.05
50777,7.990,0.100,3.330,-10.12,3.88,2.12,26.69,241.3,-0.7,8.66
50817,9.170,0.050,0.020,-6.31,-0.69,2.62,26.69,241.3,-0.3,9.17
50857,6.820,1.220,1.610,-6.56,0.06,0.44,26.69,241.3,-10.1,7.11
50897,6.510,-0.120,-0.310,-6.50,-3.25,2.00,26.69,241.3,1.1,6.52
50937,1.430,-2.090,-5.140,-3.88,3.12,3.06,26.61,247.5,55.6,5.73
50977,9.810,0.690,5.320,-8.06,-0.69,0.25,26.61,247.5,-4.0,11.18
51017,13.910,-0.890,7.060,-8.00,-2.44,-6.06,26.61,247.5,3.7,15.62
51057,7.640,-1.440,-1.260,-10.69,0.94,-2.81,26.61,247.5,10.7,7.88
51097,9.820,-0.690,-1.580,-4.75,0.56,-1.38,26.61,247.5,4.0,9.97
51137,8.740,-0.150,1.530,-9.56,2.88,-1.88,26.61,247.5,1.0,8.87
51177,13.360,-0.120,0.910,-6.38,2.31,-4.50,26.61,247.5,0.5,13.39
51217,13.540,-1.280,2.780,-10.56,3.81,-2.88,26.61,247.5,5.4,13.88
51257,13.270,0.730,1.430,-5.69,-0.38,-1.75,26.61,247.5,-3.1,13.37
51297,12.340,1.360,1.320,-9.44,5.00,-2.56,26.61,247.5,-6.3,12.48
51337,8.870,0.510,1.150,-3.56,0.69,0.62,26.61,247.5,-3.3,8.96
51377,12.450,-1.030,2.120,-9.56,5.75,1.75,26.61,247.5,4.7,12.67
51417,6.890,-0.790,-1.470,-8.00,2.12,1.94,26.61,247.5,6.5,7.09
51457,10.510,-0.410,0.070,-9.62,2.75,1.19,26.61,247.5,2.2,10.52
51497,8.890,-1.180,-3.390,-6.25,0.69,2.00,26.61,247.5,7.6,9.59
51537,14.230,-2.080,-0.810,-9.12,2.81,2.50,26.61,247.5,8.3,14.40
51577,8.230,0.500,1.890,-6.75,1.94,-0.06,26.61,247.5,-3.5,8.46
51617,8.710,0.750,1.560,-7.25,2.62,-0.44,26.61,247.5,-4.9,8.88
51657,7.750,0.130,0.680,-7.31,-0.44,-0.50,26.61,247.5,-1.0,7.78
51697,6.090,0.330,2.340,-7.25,-0.69,1.44,26.61,247.5,-3.1,6.53
51737,12.540,-0.880,-0.170,-7.31,-1.50,2.44,26.61,247.5,4.0,12.57
51777,10.680,-1.330,-2.090,-8.50,-0.19,-0.25,26.61,247.5,7.1,10.96
51817,7.450,-0.090,-1.780,-10.12,0.25,-1.19,26.61,247.5,0.7,7.66
51857,11.090,-1.470,-1.740,-7.38,1.81,-3.62,26.61,247.5,7.6,11.32
51897,8.150,-0.440,-1.290,-6.31,-1.44,-5.12,26.61,247.5,3.1,8.26
51937,6.220,0.390,2.310,-11.06,0.38,-2.62,26.15,256.0,-3.6,6.65
51977,12.260,-1.510,0.840,-5.94,-1.62,-0.38,26.15,256.0,7.0,12.38
52017,7.480,-1.950,0.520,-10.31,2.19,-0.94,26.15,256.0,14.6,7.75
52057,9.780,-1.240,1.120,-6.75,-1.50,-2.12,26.15,256.0,7.2,9.92
52097,10.810,-0.980,0.340,-8.88,1.88,-2.44,26.15,256.0,5.2,10.86
52137,14.310,-1.210,-3.030,-5.94,2.44,-2.62,26.15,256.0,4.8,14.68
52177,8.830,0.000,-0.600,-6.62,0.81,-6.38,26.15,256.0,-0.0,8.85
52217,7.940,0.980,-0.890,-8.19,4.56,-4.56,26.15,256.0,-7.0,8.05
52257,7.100,1.140,-0.040,-7.56,2.62,-2.75,26.15,256.0,-9.1,7.19
52297,12.700,0.660,1.230,-8.25,6.62,-2.25,26.15,256.0,-3.0,12.78
52337,7.940,0.110,-1.480,-8.25,4.81,-1.12,26.15,256.0,-0.8,8.08
52377,6.500,1.140,0.110,-5.62,-0.12,0.38,26.15,256.0,-9.9,6.60
52417,12.400,-0.410,2.310,-7.81,3.94,0.06,26.15,256.0,1.9,12.62
52457,7.020,-0.320,-0.520,-6.44,0.88,2.88,26.15,256.0,2.6,7.05
52497,14.730,-1.220,1.840,-8.12,3.56,2.94,26.15,256.0,4.7,14.89
52537,11.430,-2.480,-1.360,-7.19,1.12,3.88,26.15,256.0,12.2,11.77
52577,11.910,-1.440,-1.330,-8.38,2.88,1.06,26.15,256.0,6.9,12.07
52617,7.750,-0.680,0.330,-6.38,2.81,-0.62,26.15,256.0,5.0,7.79
52657,8.430,0.300,1.740,-6.00,0.38,-2.12,26.15,256.0,-2.0,8.61
52697,9.580,-0.570,-1.190,-7.50,2.31,-1.88,26.15,256.0,3.4,9.67
52737,6.720,0.120,0.800,-8.62,0.62,1.31,26.15,256.0,-1.0,6.77
52777,4.390,-0.710,0.740,-8.31,0.94,2.38,26.15,256.0,9.2,4.51
52817,7.500,-0.080,0.170,-7.00,-4.12,0.31,26.15,256.0,0.6,7.50
52857,2.390,1.030,-1.800,-6.06,2.56,-0.25,26.15,256.0,-23.3,3.16
52897,5.020,0.160,-0.500,-12.88,4.38,-5.00,26.15,256.0,-1.8,5.05
52937,8.660,-0.610,2.630,-9.25,0.31,-3.12,26.15,263.9,4.0,9.07
52977,12.250,-1.450,-1.040,-8.94,-0.69,-0.06,26.15,263.9,6.8,12.38
53017,11.390,-0.550,-1.120,-6.94,-1.38,-1.44,26.15,263.9,2.8,11.46
53057,7.330,-0.750,-0.370,-7.19,2.62,-1.81,26.15,263.9,5.8,7.38
53097,5.750,-0.190,0.010,-7.12,1.69,-4.00,26.15,263.9,1.9,5.75
53137,11.000,0.490,0.450,-8.81,2.25,-3.44,26.15,263.9,-2.6,11.02
53177,15.060,0.100,0.530,-7.38,3.56,-2.25,26.15,263.9,-0.4,15.07
53217,11.540,0.590,-0.410,-10.12,1.62,-3.44,26.15,263.9,-2.9,11.56
53257,15.520,0.440,0.010,-8.56,3.12,-3.19,26.15,263.9,-1.6,15.53
53297,8.300,0.140,-1.500,-7.00,2.25,-2.75,26.15,263.9,-1.0,8.44
53337,10.510,-0.970,-0.240,-8.25,3.62,1.81,26.15,263.9,5.3,10.56
53377,5.930,-0.250,-0.960,-6.88,0.81,1.19,26.15,263.9,2.4,6.01
53417,6.230,0.830,0.130,-8.38,4.62,1.50,26.15,263.9,-7.6,6.29
53457,9.710,-0.840,-0.100,-10.94,5.19,3.06,26.15,263.9,4.9,9.75
53497,13.130,-0.480,0.920,-6.75,1.38,1.75,26.15,263.9,2.1,13.17
53537,11.890,-0.770,2.180,-8.56,0.44,1.50,26.15,263.9,3.7,12.11
53577,10.280,-0.130,1.700,-9.75,2.12,1.69,26.15,263.9,0.7,10.42
53617,14.920,0.160,2.500,-9.06,1.12,1.44,26.15,263.9,-0.6,15.13
53657,11.030,-1.180,1.040,-8.44,-0.19,2.00,26.15,263.9,6.1,11.14
53697,9.200,0.190,-2.120,-7.44,-0.19,1.62,26.15,263.9,-1.2,9.44
53737,7.060,-1.530,1.090,-10.56,4.12,3.06,26.15,263.9,12.2,7.31
53777,11.860,0.000,-0.050,-7.94,-0.75,0.06,26.15,263.9,-0.0,11.86
53817,10.330,0.530,0.660,-9.75,2.31,-0.94,26.15,263.9,-2.9,10.36
53857,5.590,0.210,0.480,-8.19,1.69,0.19,26.15,263.9,-2.2,5.61
53897,10.070,-0.420,0.450,-8.44,-2.12,0.12,26.15,263.9,2.4,10.09
53937,6.460,1.330,-1.970,-6.88,-1.12,-1.06,26.15,263.9,-11.6,6.88
53977,5.660,-0.050,-1.680,-9.50,1.75,1.12,25.70,272.1,0.5,5.90
54017,10.190,-1.720,-0.790,-9.19,1.38,0.50,25.70,272.1,9.6,10.36
54057,8.660,-0.570,2.230,-10.75,5.19,-2.12,25.70,272.1,3.8,8.96
54097,10.790,0.100,1.020,-12.00,2.19,-2.38,25.70,272.1,-0.5,10.84
54137,9.360,0.560,3.070,-7.94,0.25,-1.88,25.70,272.1,-3.4,9.87
54177,9.810,-0.280,0.510,-10.31,2.62,-2.31,25.70,272.1,1.6,9.83
54217,3.840,-0.430,1.170,-8.81,3.38,0.94,25.70,272.1,6.4,4.04
54257,9.190,0.970,2.860,-14.31,5.19,-4.19,25.70,272.1,-6.0,9.67
54297,10.880,0.610,-1.900,-9.06,-3.19,-3.06,25.70,272.1,-3.2,11.06
54337,9.850,-0.030,-1.980,-11.75,4.75,-4.19,25.70,272.1,0.2,10.05
54377,10.100,1.280,-0.710,-5.56,-1.25,-1.12,25.70,272.1,-7.2,10.21
54417,7.110,2.040,1.550,-9.69,-0.38,-5.06,25.70,272.1,-16.0,7.56
54457,6.940,1.250,-0.100,-9.88,2.75,-3.56,25.70,272.1,-10.2,7.05
54497,6.580,-1.720,-2.450,-8.94,4.12,3.38,25.70,272.1,14.6,7.23
54537,4.800,0.180,2.960,-12.19,4.19,2.56,25.70,272.1,-2.1,5.64
54577,13.980,-0.570,0.020,-8.81,1.19,0.06,25.70,272.1,2.3,13.99
54617,12.170,0.270,-0.160,-11.19,1.12,-1.56,25.70,272.1,-1.3,12.17
54657,9.700,0.130,1.350,-7.12,4.31,-0.31,25.70,272.1,-0.8,9.79
54697,6.760,-0.910,3.440,-18.06,8.44,-0.06,25.70,272.1,7.7,7.64
54737,4.610,-0.590,-2.870,-5.25,-0.75,2.00,25.70,272.1,7.3,5.46
54777,12.210,-0.310,1.380,-11.69,3.69,-0.19,25.70,272.1,1.5,12.29
54817,13.160,-1.110,3.370,-11.88,5.69,0.62,25.70,272.1,4.8,13.63
54857,10.130,-0.150,0.280,-7.31,2.19,-1.00,25.70,272.1,0.8,10.13
54897,13.470,-1.280,1.240,-10.38,2.50,1.69,25.70,272.1,5.4,13.59
54937,7.010,-0.070,2.370,-12.69,5.94,1.38,25.70,272.1,0.6,7.40
54977,10.910,-0.710,2.790,-10.38,4.12,0.44,25.63,281.2,3.7,11.28
55017,7.410,0.230,2.360,-11.44,2.69,1.06,25.63,281.2,-1.8,7.78
55057,6.140,0.360,-1.260,-8.00,-1.69,0.75,25.63,281.2,-3.4,6.28
55097,12.760,-1.460,2.190,-11.62,-0.19,1.19,25.63,281.2,6.5,13.03
55137,17.780,-2.700,-1.740,-7.88,-1.94,2.56,25.63,281.2,8.6,18.07
55177,15.540,-1.940,-0.960,-10.12,1.25,-2.06,25.63,281.2,7.1,15.69
55217,10.400,0.340,0.150,-9.62,1.00,-3.81,25.63,281.2,-1.9,10.41
55340,9.810,0.020,1.110,-10.06,0.81,-0.81,25.63,281.2,-0.1,9.87
55380,6.900,-0.340,-0.670,-7.25,0.81,0.00,25.63,281.2,2.8,6.94
55420,8.610,0.190,1.330,-9.44,0.56,1.00,25.63,281.2,-1.3,8.71
55460,12.420,-0.090,0.560,-7.81,-1.12,-0.62,25.63,281.2,0.4,12.43
55500,7.560,-0.170,-0.590,-8.12,0.88,0.50,25.63,281.2,1.3,7.58
55540,12.360,-1.290,1.620,-7.19,0.75,-1.62,25.63,281.2,6.0,12.53
55580,10.090,0.490,-1.270,-7.19,-1.56,-1.44,25.63,281.2,-2.8,10.18
55620,8.180,1.100,1.200,-6.81,-0.75,-2.50,25.63,281.2,-7.7,8.34
55660,7.380,1.660,-2.640,-8.56,-1.12,-1.69,25.63,281.2,-12.7,8.01
55700,10.870,-1.360,3.750,-9.94,6.88,0.88,25.63,281.2,7.1,11.58
55740,16.060,-0.090,-1.020,-6.06,-2.94,-0.62,25.63,281.2,0.3,16.09
55780,12.800,-1.000,-0.690,-7.50,2.38,0.00,25.63,281.2,4.5,12.86
55820,5.820,1.090,-1.360,-5.62,1.38,-2.50,25.63,281.2,-10.6,6.08
55860,5.840,0.960,0.570,-8.06,1.19,-1.06,25.63,281.2,-9.3,5.95
55900,8.670,0.770,3.080,-7.62,1.75,-1.25,25.63,281.2,-5.1,9.23
55940,12.070,-0.230,0.100,-7.81,-0.81,0.69,25.54,291.1,1.1,12.07
55980,3.750,-0.850,-1.490,-9.12,0.88,2.50,25.54,291.1,12.8,4.12
56020,4.890,-1.080,-0.990,-11.06,4.31,1.44,25.54,291.1,12.5,5.10
56060,13.620,-0.480,1.770,-10.81,5.50,-1.69,25.54,291.1,2.0,13.74
56100,9.550,-0.100,-0.980,-10.25,6.62,-0.75,25.54,291.1,0.6,9.60
56140,9.950,0.860,1.130,-9.06,4.50,-2.75,25.54,291.1,-4.9,10.05
56180,7.080,1.190,-1.390,-5.62,1.88,0.62,25.54,291.1,-9.5,7.31
56220,7.210,1.050,3.170,-13.19,4.50,1.50,25.54,291.1,-8.3,7.95
56315,12.320,-0.930,-1.000,-8.62,0.56,0.50,25.54,291.1,4.3,12.40
56355,9.100,0.330,-0.010,-8.19,-0.31,-1.06,25.54,291.1,-2.1,9.11
56395,14.130,0.990,-2.630,-6.19,-2.12,-2.69,25.54,291.1,-4.0,14.41
56435,11.650,1.810,2.350,-11.06,3.94,-2.69,25.54,291.1,-8.8,12.02
56475,9.440,0.150,1.120,-14.25,5.75,-2.56,25.54,291.1,-0.9,9.51
56515,11.400,-0.650,-2.970,-6.06,-3.75,0.44,25.54,291.1,3.3,11.80
56555,14.530,-0.850,3.390,-6.38,0.44,2.62,25.54,291.1,3.3,14.94
56595,7.990,-1.510,4.550,-11.50,7.25,2.81,25.54,291.1,10.7,9.32
56635,8.530,-1.110,1.910,-13.81,4.06,0.88,25.54,291.1,7.4,8.81
56675,4.930,1.000,0.880,-11.00,-2.19,0.69,25.54,291.1,-11.5,5.11
56715,9.560,0.060,0.790,-11.00,2.19,-3.75,25.54,291.1,-0.4,9.59
56755,5.870,-0.580,3.120,-12.69,2.38,-2.12,25.54,291.1,5.6,6.67
56795,9.400,-1.030,-1.740,-7.19,-3.38,0.25,25.54,291.1,6.3,9.62
56835,8.780,-0.870,-1.540,-10.31,0.12,0.62,25.54,291.1,5.7,8.96
56875,18.650,-1.370,1.260,-10.75,2.62,-2.38,25.54,291.1,4.2,18.74
56915,16.950,0.150,1.140,-10.88,5.25,-1.69,25.54,291.1,-0.5,16.99
56955,8.220,-0.340,0.520,-8.69,2.38,-2.44,25.71,299.3,2.4,8.24
56995,9.640,1.410,2.620,-9.19,1.44,-1.31,25.71,299.3,-8.3,10.09
57035,10.810,-0.400,0.320,-10.44,1.06,-0.31,25.71,299.3,2.1,10.82
57075,10.940,-0.410,2.640,-11.88,3.75,1.12,25.71,299.3,2.1,11.26
57115,8.220,-0.960,-1.660,-11.38,1.69,0.44,25.71,299.3,6.7,8.44
57155,5.510,-0.130,-0.480,-10.81,-0.38,0.06,25.71,299.3,1.4,5.53
57195,10.920,-1.250,0.180,-10.88,3.75,-0.88,25.71,299.3,6.5,10.99
57236,9.870,-0.770,0.430,-10.00,4.19,-1.25,25.71,299.3,4.5,9.91
57276,12.960,0.130,1.030,-9.81,2.62,-1.81,25.71,299.3,-0.6,13.00
57316,12.010,0.780,-1.430,-10.00,1.69,-0.25,25.71,299.3,-3.7,12.12
57356,9.920,1.390,3.330,-11.62,6.75,0.19,25.71,299.3,-8.0,10.56
57396,4.230,1.240,-0.970,-11.50,3.19,0.56,25.71,299.3,-16.3,4.51
57436,7.870,0.380,-1.930,-10.00,-0.69,2.50,25.71,299.3,-2.8,8.11
57476,10.530,-0.430,-1.540,-9.19,-1.12,3.50,25.71,299.3,2.3,10.65
57516,9.220,0.360,-0.870,-9.25,0.19,0.75,25.71,299.3,-2.2,9.27
57556,8.550,-0.300,-0.020,-10.62,0.19,2.81,25.71,299.3,2.0,8.56
57596,10.710,0.740,-0.230,-12.19,2.88,-0.56,25.71,299.3,-4.0,10.74
57636,10.750,-0.120,-0.220,-8.31,1.44,-2.19,25.71,299.3,0.6,10.75
57676,6.650,0.900,-1.050,-9.62,2.50,-1.81,25.71,299.3,-7.7,6.79
57716,8.450,1.190,-0.840,-11.94,3.56,-2.94,25.71,299.3,-8.0,8.57
57756,7.750,0.420,-0.430,-11.56,-0.50,0.19,25.71,299.3,-3.1,7.77
57796,8.170,0.310,1.880,-11.00,2.75,1.12,25.71,299.3,-2.2,8.39
57836,9.870,-1.310,-0.200,-11.44,1.62,2.50,25.71,299.3,7.6,9.96
57876,8.370,-0.450,1.230,-10.69,0.12,1.31,25.71,299.3,3.1,8.47
57916,8.070,-0.480,1.440,-8.75,-0.06,-4.94,25.71,299.3,3.4,8.21
57956,5.690,-0.210,-2.160,-11.94,2.00,-3.94,25.08,310.2,2.1,6.09
57996,12.940,0.420,-0.400,-10.56,-0.25,-4.69,25.08,310.2,-1.9,12.95
58036,15.460,0.570,3.880,-13.00,-0.25,-2.12,25.08,310.2,-2.1,15.95
58076,11.930,1.530,1.190,-10.69,1.31,-5.81,25.08,310.2,-7.3,12.09
58116,8.060,0.060,0.730,-9.88,3.00,-3.56,25.08,310.2,-0.4,8.09
58156,3.600,1.690,-0.480,-12.31,1.00,-5.50,25.08,310.2,-25.1,4.01
58196,11.930,0.580,0.600,-10.62,-0.44,-2.50,25.08,310.2,-2.8,11.96
58245,11.450,0.200,1.590,-13.00,1.56,-3.69,25.08,310.2,-1.0,11.56
58285,9.790,0.950,0.700,-10.81,2.56,-3.75,25.08,310.2,-5.5,9.86
58325,12.630,-0.720,-2.110,-10.94,0.75,-5.88,25.08,310.2,3.3,12.83
58365,7.890,0.010,-1.080,-9.75,2.12,-5.50,25.08,310.2,-0.1,7.96
58405,8.860,1.190,1.100,-9.75,2.94,-3.38,25.08,310.2,-7.6,9.01
58445,8.820,1.800,-0.520,-7.19,0.62,-3.06,25.08,310.2,-11.5,9.02
58485,6.840,1.490,-0.300,-8.06,0.06,-3.62,25.08,310.2,-12.3,7.01
58525,9.610,1.100,-0.010,-9.50,1.50,-2.25,25.08,310.2,-6.5,9.67
58565,13.770,0.360,0.570,-9.38,2.81,-1.44,25.08,310.2,-1.5,13.79
58605,10.200,0.220,0.030,-9.94,3.81,-2.62,25.08,310.2,-1.2,10.20
58645,12.200,-0.760,1.290,-5.19,2.00,-0.50,25.08,310.2,3.6,12.29
58685,8.470,-0.560,0.860,-9.12,6.69,-0.69,25.08,310.2,3.8,8.53
58725,8.060,0.590,-2.290,-7.44,0.12,-2.25,25.08,310.2,-4.2,8.40
58765,14.620,2.530,4.310,-11.00,5.38,-3.88,25.08,310.2,-9.8,15.45
58805,6.830,0.640,-0.650,-6.88,1.38,-2.19,25.08,310.2,-5.4,6.89
58845,7.730,-0.770,-1.040,-9.12,3.69,-1.62,25.08,310.2,5.7,7.84
58885,11.780,0.290,3.530,-5.81,-1.06,0.19,25.08,310.2,-1.4,12.30
58925,8.690,-0.350,0.430,-8.44,3.75,-2.81,25.01,320.7,2.3,8.71
58965,11.420,-0.030,3.090,-9.50,5.56,-2.25,25.01,320.7,0.2,11.83
59005,5.430,0.060,-2.380,-7.38,-2.94,-3.88,25.01,320.7,-0.6,5.93
59045,12.350,1.100,1.480,-7.75,-1.25,-3.88,25.01,320.7,-5.1,12.49
59085,9.830,-1.280,-2.000,-6.62,-2.56,-2.50,25.01,320.7,7.4,10.11
59125,10.280,0.300,1.940,-8.25,-0.88,-4.25,25.01,320.7,-1.7,10.47
59165,14.570,-0.700,-1.390,-6.69,-5.25,-4.75,25.01,320.7,2.8,14.65
59205,10.390,1.170,-0.800,-4.12,-3.44,-8.81,25.01,320.7,-6.4,10.49
59245,7.780,0.940,-0.680,-8.06,0.81,-7.12,25.01,320.7,-6.9,7.87
59285,1.600,0.710,1.090,-6.12,-2.19,-7.19,25.01,320.7,-23.9,2.06
59325,11.380,-1.730,-1.060,-9.00,-0.25,-5.00,25.01,320.7,8.6,11.56
59365,10.580,1.090,-1.970,-6.19,-1.88,-6.56,25.01,320.7,-5.9,10.82
59405,8.450,1.180,-1.950,-7.12,0.94,-6.56,25.01,320.7,-7.9,8.75
59445,11.580,1.300,0.630,-6.81,2.75,-5.69,25.01,320.7,-6.4,11.67
59485,10.880,-0.860,1.880,-8.69,2.31,-0.69,25.01,320.7,4.5,11.07
59525,9.470,0.020,1.140,-5.06,0.00,-1.88,25.01,320.7,-0.1,9.54
59565,7.000,0.490,-0.010,-6.81,-0.38,-3.38,25.01,320.7,-4.0,7.02
59605,10.420,0.720,2.720,-7.56,0.25,-2.06,25.01,320.7,-4.0,10.79
59645,9.390,0.640,-3.940,-6.31,-5.06,-4.94,25.01,320.7,-3.9,10.20
59685,13.850,1.610,0.090,-6.81,-1.38,-5.81,25.01,320.7,-6.6,13.94
59725,13.020,3.230,-1.660,-5.00,-2.00,-3.50,25.01,320.7,-13.9,13.52
59765,10.230,1.670,-3.620,-7.38,5.25,-5.62,25.01,320.7,-9.3,10.98
59805,11.250,1.820,-0.910,-9.38,5.50,-2.00,25.01,320.7,-9.2,11.43
59845,9.960,1.710,-0.590,-4.25,2.06,-2.19,25.01,320.7,-9.7,10.12
59885,7.270,0.140,-0.610,-7.06,3.75,-0.06,25.01,320.7,-1.1,7.30
59925,11.390,1.000,0.930,-6.50,2.56,-2.50,25.20,329.9,-5.0,11.47
59965,10.420,0.400,0.930,-5.50,2.12,-5.19,25.20,329.9,-2.2,10.47
60005,7.010,-0.140,0.040,-6.62,2.81,-4.31,25.20,329.9,1.1,7.01
60045,11.260,0.680,-1.060,-5.19,-2.19,-4.88,25.20,329.9,-3.5,11.33
60085,9.040,1.070,1.120,-6.12,3.12,-6.94,25.20,329.9,-6.8,9.17
60125,8.870,2.700,1.640,-5.81,0.75,-5.44,25.20,329.9,-16.9,9.42
60165,8.930,1.400,-0.810,-5.38,-0.94,-5.19,25.20,329.9,-8.9,9.08
60205,7.890,-0.050,1.490,-5.50,1.12,-4.25,25.20,329.9,0.4,8.03
60245,9.710,-0.310,-0.410,-5.12,-2.19,-1.75,25.20,329.9,1.8,9.72
60285,7.190,0.210,0.830,-5.44,-1.25,-6.00,25.20,329.9,-1.7,7.24
60325,10.260,-0.320,0.540,-3.94,-3.56,-6.19,25.20,329.9,1.8,10.28
60365,6.220,0.780,1.000,-4.19,-1.50,-7.00,25.20,329.9,-7.1,6.35
60405,8.060,0.540,-1.360,-5.25,-3.38,-6.69,25.20,329.9,-3.8,8.19
60445,-1.300,1.080,-2.280,-5.12,2.25,-4.62,25.20,329.9,-140.3,2.84
60485,9.360,0.270,1.140,-6.94,2.25,-8.12,25.20,329.9,-1.7,9.43
60525,9.230,-0.160,-0.420,-3.31,-2.44,-4.94,25.20,329.9,1.0,9.24
60565,9.270,0.710,1.710,-0.88,-2.19,-7.69,25.20,329.9,-4.4,9.45
60605,8.490,0.100,-0.010,-2.69,-2.69,-8.12,25.20,329.9,-0.7,8.49
60645,13.160,0.000,-1.060,-3.00,0.31,-9.06,25.20,329.9,-0.0,13.20
60685,10.420,0.860,-0.210,-2.00,-1.25,-10.44,25.20,329.9,-4.7,10.46
60725,10.470,2.250,-4.480,-3.12,4.06,-7.00,25.20,329.9,-12.1,11.61
60765,9.970,0.570,1.300,-3.88,2.12,-7.31,25.20,329.9,-3.3,10.07
60805,12.700,-0.340,0.600,-3.06,2.94,-3.62,25.20,329.9,1.5,12.72
60845,10.860,0.490,1.280,-2.69,3.44,-4.31,25.20,329.9,-2.6,10.95
60885,9.900,0.240,2.330,-4.44,3.81,-4.81,25.20,329.9,-1.4,10.17
60925,10.960,0.660,-0.320,-1.69,1.19,-6.50,25.20,329.9,-3.4,10.98
60965,8.610,1.630,1.200,-3.06,3.12,-8.56,25.49,336.5,-10.7,8.84
61005,11.340,1.020,2.450,-2.88,2.56,-7.56,25.49,336.5,-5.1,11.65
61045,8.320,0.450,-1.820,-2.25,-1.00,-6.06,25.49,336.5,-3.1,8.53
61085,6.250,1.020,1.890,-1.69,1.62,-9.25,25.49,336.5,-9.3,6.61
61125,10.710,-0.160,1.620,-2.94,-0.19,-8.06,25.49,336.5,0.9,10.83
61165,6.660,0.370,-1.600,-1.31,-2.94,-9.62,25.49,336.5,-3.2,6.86
61205,10.020,1.600,1.630,-1.94,-1.06,-9.25,25.49,336.5,-9.1,10.28
61250,9.180,-0.530,1.890,-3.06,3.38,-2.81,25.49,336.5,3.3,9.39
61290,11.380,-1.250,2.440,-4.44,2.19,-1.06,25.49,336.5,6.3,11.71
61330,8.450,0.490,-0.880,-1.00,-1.88,-3.75,25.49,336.5,-3.3,8.51
61370,16.290,0.190,4.250,-3.25,3.00,-2.81,25.49,336.5,-0.7,16.84
61410,11.270,0.520,-0.200,-0.88,-0.44,-5.38,25.49,336.5,-2.6,11.28
61450,7.110,0.100,-1.620,-1.50,-1.31,-6.12,25.49,336.5,-0.8,7.29
61490,8.270,0.910,0.640,-2.56,0.81,-7.56,25.49,336.5,-6.3,8.34
61530,9.290,-0.510,2.500,-4.31,-0.50,-5.75,25.49,336.5,3.1,9.63
61570,7.830,0.570,0.590,-0.88,-3.56,-8.25,25.49,336.5,-4.2,7.87
61610,8.540,1.390,0.610,-1.81,-3.56,-8.38,25.49,336.5,-9.2,8.67
61650,7.960,2.170,-0.520,-1.81,1.38,-6.69,25.49,336.5,-15.2,8.27
61690,10.530,-0.390,0.000,-2.19,-0.81,-3.06,25.49,336.5,2.1,10.54
61730,12.580,0.360,0.550,-1.50,1.25,-3.06,25.49,336.5,-1.6,12.60
61770,8.130,0.620,3.730,-1.81,4.44,-3.25,25.49,336.5,-4.4,8.97
61810,6.990,0.890,2.090,-4.38,3.69,-5.12,25.49,336.5,-7.3,7.35
61850,9.770,0.080,0.200,-1.19,-0.31,-5.56,25.49,336.5,-0.5,9.77
61890,4.940,1.570,-1.140,-1.12,-2.69,-6.44,25.49,336.5,-17.6,5.31
61930,10.190,0.660,-0.910,-2.12,-0.50,-6.56,25.52,340.7,-3.7,10.25
61970,7.640,0.540,0.790,0.56,0.19,-7.56,25.52,340.7,-4.0,7.70
62010,8.170,0.570,1.210,-0.62,-2.00,-6.94,25.52,340.7,-4.0,8.28
62050,6.580,0.860,2.710,0.06,-0.19,-9.00,25.52,340.7,-7.4,7.17
62090,5.080,2.200,-3.540,-0.94,-5.50,-9.75,25.52,340.7,-23.4,6.57
62130,29.320,5.640,-4.710,0.19,-8.69,-5.75,25.52,340.7,-10.9,30.23
62170,12.940,2.380,-7.450,-1.62,-15.81,-1.75,25.52,340.7,-10.4,15.12
62210,20.630,0.360,1.550,-4.75,-1.12,-2.25,25.52,340.7,-1.0,20.69
62250,4.500,-1.180,-0.860,6.94,-3.75,2.19,25.52,340.7,14.7,4.73
62290,10.950,-0.500,0.620,0.69,-1.81,2.06,25.52,340.7,2.6,10.98
62330,10.990,-0.030,3.490,0.38,3.50,0.44,25.52,340.7,0.2,11.53
62370,6.530,-0.840,0.000,0.19,0.44,-2.19,25.52,340.7,7.3,6.58
62410,20.260,0.790,7.890,2.75,-1.94,1.31,25.52,340.7,-2.2,21.76
62450,8.220,0.750,4.630,-1.38,8.25,-1.38,25.52,340.7,-5.2,9.46
62490,5.120,-0.100,2.090,-1.62,2.94,-2.25,25.52,340.7,1.1,5.53
62530,6.690,0.210,1.840,1.50,0.44,-4.19,25.52,340.7,-1.8,6.94
62570,10.080,1.170,-0.090,1.50,-2.94,-5.88,25.52,340.7,-6.6,10.15
62610,10.190,1.250,1.250,-0.12,0.94,-5.06,25.52,340.7,-7.0,10.34
62650,6.200,0.160,1.120,1.38,-1.25,-3.19,25.52,340.7,-1.5,6.30
62690,8.030,1.320,0.490,1.62,-4.44,-2.50,25.52,340.7,-9.3,8.15
62730,13.820,4.020,-4.790,5.50,-6.06,-2.31,25.52,340.7,-16.2,15.17
62770,-1.750,-0.240,1.020,-0.81,8.88,3.25,25.52,340.7,172.2,2.04
62810,4.560,1.610,6.460,4.50,16.69,-10.88,25.52,340.7,-19.4,8.07
62850,7.880,-0.150,4.320,-0.88,8.00,0.88,25.52,340.7,1.1,8.99
62890,15.900,3.220,4.330,-0.56,2.38,-2.31,25.52,340.7,-11.4,16.79
62930,7.150,2.180,0.230,3.88,-0.69,-5.38,25.69,342.1,-17.0,7.48
62970,8.090,2.400,2.760,9.00,-4.56,-5.75,25.69,342.1,-16.5,8.88
63010,7.300,1.440,2.500,7.56,-2.50,-3.69,25.69,342.1,-11.2,7.85
63050,4.840,1.860,-0.010,0.81,5.19,-3.00,25.69,342.1,-21.0,5.19
63090,9.380,0.900,2.790,-1.69,5.00,-2.00,25.69,342.1,-5.5,9.83
63130,5.820,0.510,0.740,0.50,0.94,-0.44,25.69,342.1,-5.0,5.89
63170,5.980,0.970,1.470,1.75,-1.38,-2.75,25.69,342.1,-9.2,6.23
63210,8.240,2.490,0.670,2.19,-2.31,-4.06,25.69,342.1,-16.8,8.63
63250,-0.140,-0.750,5.270,-5.50,-10.31,5.94,25.69,342.1,100.6,5.32
63290,5.140,-1.410,5.140,-5.75,-2.94,2.62,25.69,342.1,15.3,7.40
63330,11.050,-0.310,3.960,6.69,-5.75,0.69,25.69,342.1,1.6,11.74
63370,10.730,0.120,0.050,4.12,-4.56,1.50,25.69,342.1,-0.6,10.73
63410,7.810,0.470,0.000,5.19,-5.56,8.31,25.69,342.1,-3.4,7.82
63450,16.740,2.350,1.400,5.56,-5.00,-4.12,25.69,342.1,-8.0,16.96
63490,7.170,0.660,-4.450,4.31,-4.38,0.94,25.69,342.1,-5.3,8.46
63530,7.790,0.520,-0.420,4.69,-3.00,-1.44,25.69,342.1,-3.8,7.82
63570,8.130,1.500,0.680,0.75,1.50,-2.81,25.69,342.1,-10.5,8.30
63610,15.080,1.820,1.320,0.00,5.62,-1.69,25.69,342.1,-6.9,15.25
63650,6.390,-2.690,2.440,1.88,2.31,6.31,25.69,342.1,22.8,7.35
63690,8.890,-0.330,1.800,-3.25,0.94,-1.75,25.69,342.1,2.1,9.08
63730,9.090,1.130,-0.350,6.06,-4.75,-5.94,25.69,342.1,-7.1,9.17
63770,5.200,1.210,-0.760,1.06,-1.50,-4.19,25.69,342.1,-13.1,5.39
63810,23.910,1.480,5.270,-2.44,6.56,2.31,25.69,342.1,-3.5,24.53
63850,4.690,0.520,1.660,0.94,6.31,-2.19,25.69,342.1,-6.3,5.00
63890,4.970,0.370,3.700,-1.75,5.94,-1.31,25.69,342.1,-4.3,6.21
63930,15.800,0.860,0.670,1.00,-0.94,-0.38,26.11,341.6,-3.1,15.84
63970,18.540,-1.750,1.420,1.31,-1.69,4.44,26.11,341.6,5.4,18.68
64010,8.340,1.360,0.980,5.25,-1.81,0.62,26.11,341.6,-9.3,8.51
64050,10.180,0.270,0.060,-1.00,-1.00,0.62,26.11,341.6,-1.5,10.18
64090,20.660,0.900,-1.590,4.38,-6.31,-1.12,26.11,341.6,-2.5,20.74
64130,19.200,1.710,-5.120,-3.69,8.75,2.25,26.11,341.6,-5.1,19.94
64170,12.100,1.430,3.320,-0.38,7.81,-2.94,26.11,341.6,-6.7,12.63
64210,4.490,0.340,0.780,-1.19,7.12,0.12,26.11,341.6,-4.3,4.57
64250,4.950,0.320,2.650,0.69,1.88,-2.06,26.11,341.6,-3.7,5.62
64290,9.490,1.260,3.120,0.31,-1.88,-5.06,26.11,341.6,-7.6,10.07
64330,10.670,0.750,0.370,3.69,-5.50,-4.62,26.11,341.6,-4.0,10.70
64370,10.660,1.280,4.580,4.25,-9.81,-4.44,26.11,341.6,-6.8,11.67
64410,8.910,1.250,-0.050,5.75,-9.56,-4.25,26.11,341.6,-8.0,9.00
64450,7.360,2.140,0.030,4.06,-1.19,-1.31,26.11,341.6,-16.2,7.66
64490,11.380,2.800,-4.420,4.75,-5.94,2.12,26.11,341.6,-13.8,12.53
64530,8.000,1.170,-0.360,10.44,-8.69,1.62,26.11,341.6,-8.3,8.09
64570,13.700,1.540,2.550,6.12,-0.38,-2.69,26.11,341.6,-6.4,14.02
64610,9.190,1.630,1.070,0.88,3.69,-4.00,26.11,341.6,-10.1,9.39
64650,12.520,-0.710,1.520,1.94,1.00,0.38,26.11,341.6,3.2,12.63
64690,7.800,1.260,2.540,4.06,2.00,-2.12,26.11,341.6,-9.2,8.30
64730,9.950,0.570,1.740,2.06,-1.31,-1.38,26.11,341.6,-3.3,10.12
64770,5.950,0.020,2.090,6.12,-2.19,-3.06,26.11,341.6,-0.2,6.31
64810,5.970,-0.210,-0.820,3.12,-4.81,-2.81,26.11,341.6,2.0,6.03
64850,16.310,2.810,1.050,5.44,-5.50,-2.44,26.11,341.6,-9.8,16.58
64890,1.040,-1.720,11.050,-4.50,37.81,14.06,26.11,341.6,58.8,11.23
64930,-1.140,-1.990,3.170,-11.19,27.62,3.88,26.05,339.4,119.8,3.91
64970,13.640,-6.300,-1.640,7.06,0.88,19.44,26.05,339.4,24.8,15.11
65010,10.130,0.130,-0.330,9.06,-1.75,16.12,26.05,339.4,-0.7,10.14
65050,11.170,1.870,1.180,2.38,0.75,9.69,26.05,339.4,-9.5,11.39
65090,10.800,-1.220,-0.550,3.69,2.94,5.62,26.05,339.4,6.4,10.88
65130,3.920,-0.550,1.480,2.19,9.62,7.19,26.05,339.4,8.0,4.23
65170,8.790,-0.300,-0.980,1.38,4.38,3.81,26.05,339.4,2.0,8.85
65210,5.470,0.070,3.330,1.00,6.81,1.62,26.05,339.4,-0.7,6.40
65250,8.190,1.020,2.650,3.25,2.38,-0.94,26.05,339.4,-7.1,8.67
65290,9.080,-0.960,2.140,1.12,-0.88,0.81,26.05,339.4,6.0,9.38
65330,7.640,-0.230,1.690,5.06,-3.81,-1.88,26.05,339.4,1.7,7.83
65370,10.140,0.760,1.590,2.38,-0.94,-0.94,26.05,339.4,-4.3,10.29
65410,5.770,0.930,-0.510,-0.25,-3.25,-1.75,26.05,339.4,-9.2,5.87
65450,6.270,1.150,0.530,2.56,-0.88,-1.44,26.05,339.4,-10.4,6.40
65490,3.740,0.590,-0.900,3.88,-3.19,2.56,26.05,339.4,-9.0,3.89
65530,8.480,0.830,0.950,2.88,-0.25,1.88,26.05,339.4,-5.6,8.57
65570,7.280,0.740,0.800,3.50,1.38,3.50,26.05,339.4,-5.8,7.36
65610,5.350,1.010,2.640,5.25,6.19,0.19,26.05,339.4,-10.7,6.05
65650,12.550,0.860,1.880,1.56,2.38,2.69,26.05,339.4,-3.9,12.72
65690,9.090,0.890,-1.250,3.38,1.25,1.88,26.05,339.4,-5.6,9.22
65730,10.040,0.560,-0.340,8.56,-2.06,1.44,26.05,339.4,-3.2,10.06
65770,7.250,0.440,-0.700,5.50,0.50,1.25,26.05,339.4,-3.5,7.30
65810,11.350,0.180,2.680,3.69,1.31,0.69,26.05,339.4,-0.9,11.66
65850,10.890,1.100,1.190,4.44,0.06,-0.38,26.05,339.4,-5.8,11.01
65890,9.890,1.020,-0.380,4.62,-2.62,-1.12,26.05,339.4,-5.9,9.95
65930,4.260,0.900,0.960,5.12,-0.69,0.19,26.27,336.6,-11.9,4.46
65970,6.000,-0.150,1.590,-0.69,6.88,3.56,26.27,336.6,1.4,6.21
66010,6.370,-1.250,0.400,3.88,4.25,2.50,26.27,336.6,11.1,6.50
66050,12.340,-1.420,2.420,0.25,4.25,1.69,26.27,336.6,6.6,12.65
66090,10.940,-0.120,0.880,7.19,-1.12,-1.38,26.27,336.6,0.6,10.98
66130,11.230,2.530,1.340,2.25,4.06,-3.00,26.27,336.6,-12.7,11.59
66170,4.420,0.160,-1.050,2.81,5.88,-4.38,26.27,336.6,-2.1,4.55
66210,7.490,1.660,-2.390,6.25,4.06,-5.75,26.27,336.6,-12.5,8.04
66250,9.040,1.000,0.710,0.12,4.38,-4.00,26.27,336.6,-6.3,9.12
66290,7.670,0.760,0.690,4.44,1.12,-6.69,26.27,336.6,-5.7,7.74
66330,8.600,1.450,0.600,7.00,-0.88,-7.88,26.27,336.6,-9.6,8.74
66370,8.280,-0.700,-1.450,7.88,-1.94,-5.19,26.27,336.6,4.8,8.44
66410,8.280,0.820,0.840,6.62,0.38,-6.69,26.27,336.6,-5.7,8.36
66450,8.960,1.370,1.000,7.06,-1.38,-7.19,26.27,336.6,-8.7,9.12
66490,0.140,0.810,-4.520,10.12,-3.75,-7.81,26.27,336.6,-80.2,4.59
66530,6.180,-2.370,7.010,3.50,12.81,4.06,26.27,336.6,21.0,9.64
66570,8.770,1.020,2.110,1.06,3.81,-1.56,26.27,336.6,-6.6,9.08
66610,12.660,2.570,-3.730,0.38,4.44,-6.44,26.27,336.6,-11.5,13.45
66650,6.590,0.110,-1.770,9.69,-2.69,1.69,26.27,336.6,-1.0,6.82
66690,10.350,0.800,-0.930,5.69,-1.44,-0.31,26.27,336.6,-4.4,10.42
66730,14.140,1.270,-0.350,8.06,1.44,0.50,26.27,336.6,-5.1,14.20
66770,22.430,4.940,-0.100,8.38,-2.56,-5.69,26.27,336.6,-12.4,22.97
66810,19.500,-1.590,1.020,18.44,-12.06,-4.56,26.27,336.6,4.7,19.59
66850,7.070,0.250,-6.740,17.00,-3.94,1.62,26.27,336.6,-2.0,9.77
66890,10.030,1.670,-2.060,9.38,1.44,-5.50,26.27,336.6,-9.5,10.37
66930,22.690,5.710,2.060,7.44,2.62,-6.31,26.55,332.0,-14.1,23.49
66970,0.630,0.230,-0.180,11.31,-0.88,4.31,26.55,332.0,-20.1,0.69
67010,13.610,4.760,2.450,2.69,5.62,-2.38,26.55,332.0,-19.3,14.63
67050,10.470,1.330,-0.600,6.06,11.12,-0.81,26.55,332.0,-7.2,10.57
67090,-2.030,-1.230,-0.770,2.38,13.06,2.75,26.55,332.0,148.8,2.50
67130,10.230,1.720,3.960,2.06,8.06,1.44,26.55,332.0,-9.5,11.10
67170,16.010,2.390,5.500,5.12,0.12,-0.88,26.55,332.0,-8.5,17.10
67210,11.880,-1.110,2.120,11.06,-6.75,-1.62,26.55,332.0,5.3,12.12
67250,19.770,4.880,-9.270,11.75,-11.75,-5.19,26.55,332.0,-13.9,22.37
67290,6.500,2.580,-7.040,25.75,-13.19,-10.69,26.55,332.0,-21.6,9.92
67330,8.900,-0.860,-2.560,17.00,-5.19,2.94,26.55,332.0,5.5,9.30
67370,7.960,0.120,-0.960,12.50,-1.62,-2.50,26.55,332.0,-0.9,8.02
67410,5.190,0.260,1.770,7.38,-0.06,-3.81,26.55,332.0,-2.9,5.49
67450,11.060,1.060,-0.110,7.56,-0.75,-0.12,26.55,332.0,-5.5,11.11
67490,4.110,-2.230,1.480,-0.31,9.31,9.75,26.55,332.0,28.5,4.90
67530,11.900,3.340,4.320,3.19,9.56,-0.69,26.55,332.0,-15.7,13.09
67570,15.270,-2.200,-3.300,8.81,2.94,10.38,26.55,332.0,8.2,15.78
67610,3.070,-0.650,-5.480,4.31,0.88,-0.62,26.55,332.0,12.0,6.31
67650,6.640,2.760,2.020,12.88,-0.12,-7.38,26.55,332.0,-22.6,7.47
67690,4.610,4.000,-3.420,8.00,-1.38,-6.25,26.55,332.0,-40.9,7.00
67730,-1.720,-1.840,-2.890,-1.75,1.31,12.31,26.55,332.0,133.1,3.83
67770,9.460,-1.580,-1.590,6.44,-2.50,9.25,26.55,332.0,9.5,9.72
67810,0.480,0.100,-4.540,8.06,-3.56,5.31,26.55,332.0,-11.8,4.57
67850,10.590,-2.330,-0.530,7.38,-1.62,7.56,26.55,332.0,12.4,10.86
67890,9.780,-1.310,-1.010,9.44,-1.31,4.44,26.55,332.0,7.6,9.92
67930,10.710,-0.640,-0.650,7.94,-1.06,3.69,26.71,326.6,3.4,10.75
67970,12.040,0.790,-2.290,6.31,1.81,0.56,26.71,326.6,-3.8,12.28
68010,15.970,-2.680,2.990,7.25,-4.81,0.69,26.71,326.6,9.5,16.47
68050,13.450,-1.830,0.550,9.69,-4.06,2.00,26.71,326.6,7.7,13.59
68090,9.980,-1.150,-2.140,12.12,-4.12,0.62,26.71,326.6,6.6,10.27
68130,8.090,-0.750,0.650,3.44,2.94,-0.88,26.71,326.6,5.3,8.15
68170,5.520,1.480,-2.940,9.38,1.50,-1.44,26.71,326.6,-15.0,6.43
68210,9.090,0.990,1.130,0.44,7.19,3.31,26.71,326.6,-6.2,9.21
68250,9.130,-0.430,0.020,4.75,5.25,1.31,26.71,326.6,2.7,9.14
68290,4.760,0.550,3.180,3.94,7.38,-1.00,26.71,326.6,-6.6,5.75
68330,8.970,0.670,1.850,2.88,5.69,-0.69,26.71,326.6,-4.3,9.18
68370,9.180,-0.080,2.100,3.75,4.31,-0.38,26.71,326.6,0.5,9.42
68410,8.390,1.350,4.080,3.44,0.81,-3.25,26.71,326.6,-9.1,9.43
68450,8.390,0.040,1.820,7.12,0.62,-1.12,26.71,326.6,-0.3,8.59
68490,8.890,0.740,0.370,3.56,-0.19,-0.06,26.71,326.6,-4.8,8.93
68530,9.390,0.770,0.660,8.56,-3.56,-2.50,26.71,326.6,-4.7,9.44
68570,4.050,0.830,4.170,4.75,9.81,-2.38,26.71,326.6,-11.6,5.87
68610,14.520,0.420,-0.010,0.62,1.75,-0.44,26.71,326.6,-1.7,14.53
68650,5.750,1.370,-3.210,10.12,0.62,-3.00,26.71,326.6,-13.4,6.73
68690,7.770,3.160,-0.360,5.06,-1.69,-6.19,26.71,326.6,-22.1,8.40
68730,6.730,3.210,-4.290,8.38,2.88,-4.62,26.71,326.6,-25.5,8.60
68770,14.140,3.590,0.460,7.12,-0.06,-3.75,26.71,326.6,-14.2,14.60
68810,9.370,3.260,-1.350,7.12,1.69,-4.81,26.71,326.6,-19.2,10.01
68850,13.410,1.790,3.390,4.00,6.50,-2.81,26.71,326.6,-7.6,13.95
68890,10.300,0.930,-1.450,9.75,1.38,-0.81,26.71,326.6,-5.2,10.44
68930,10.150,-0.060,0.980,6.62,1.69,0.94,26.71,326.6,0.3,10.20
68970,10.220,-0.220,-0.280,8.38,1.56,0.12,26.58,319.9,1.2,10.23
69010,9.180,0.000,1.580,5.62,3.06,-1.56,26.58,319.9,-0.0,9.31
69050,10.250,0.660,-0.050,10.75,-2.44,-3.75,26.58,319.9,-3.7,10.27
69090,1.300,0.660,-0.260,7.56,-0.38,-3.75,26.58,319.9,-26.9,1.48
69130,13.240,1.690,-4.460,5.38,-0.25,-4.12,26.58,319.9,-7.3,14.07
69170,11.270,7.120,-3.940,10.00,-1.00,-10.69,26.58,319.9,-32.3,13.90
69210,12.660,3.230,-2.320,2.38,5.31,-6.31,26.58,319.9,-14.3,13.27
69252,9.950,0.940,-2.430,10.44,2.25,-5.31,26.58,319.9,-5.4,10.29
69292,7.140,0.990,0.990,6.25,3.62,-5.12,26.58,319.9,-7.9,7.28
69332,9.360,0.530,1.960,7.12,1.94,-4.38,26.58,319.9,-3.2,9.58
69372,6.460,0.340,1.070,8.81,-1.44,-5.75,26.58,319.9,-3.0,6.56
69412,10.410,2.780,-0.930,7.88,-0.44,-5.00,26.58,319.9,-15.0,10.81
69452,11.010,1.510,5.730,2.25,9.50,1.56,26.58,319.9,-7.8,12.50
69492,0.920,1.480,1.510,5.06,11.81,2.06,26.58,319.9,-58.1,2.31
69532,3.530,0.370,-0.710,4.88,1.56,-3.31,26.58,319.9,-6.0,3.62
69572,14.720,3.530,-1.360,8.38,0.00,-2.44,26.58,319.9,-13.5,15.20
69612,2.150,0.930,-2.290,7.31,5.50,1.31,26.58,319.9,-23.4,3.28
69652,6.830,0.060,1.270,10.50,0.94,-4.81,26.58,319.9,-0.5,6.95
69692,2.350,1.820,-7.110,9.62,-4.12,-6.75,26.58,319.9,-37.8,7.71
69732,13.890,2.170,5.810,4.75,12.50,2.38,26.58,319.9,-8.9,15.21
69772,15.230,5.270,-1.750,10.69,2.75,-10.81,26.58,319.9,-19.1,16.21
69812,28.820,3.080,5.530,5.56,11.06,1.69,26.58,319.9,-6.1,29.51
69852,7.170,-0.130,-3.890,16.50,-3.38,2.81,26.58,319.9,1.0,8.16
69892,13.520,0.300,0.240,10.44,-2.25,-1.50,26.58,319.9,-1.3,13.53
69932,8.380,-0.260,0.130,14.31,1.94,-1.94,26.33,313.0,1.8,8.39
69972,9.140,1.110,-1.670,8.56,-2.94,-3.81,26.33,313.0,-6.9,9.36
70012,10.470,-0.690,4.130,7.06,5.31,0.38,26.33,313.0,3.8,11.28
70052,20.270,5.510,-4.770,11.88,-5.69,-6.19,26.33,313.0,-15.2,21.54
70092,16.780,-0.460,-3.330,7.19,-5.81,6.19,26.33,313.0,1.6,17.11
70132,12.900,0.530,-5.460,14.00,-8.19,5.12,26.33,313.0,-2.4,14.02
70172,18.080,5.500,-5.330,13.31,-3.44,-2.50,26.33,313.0,-16.9,19.64
70212,16.190,-5.080,-1.560,0.81,1.88,15.38,26.33,313.0,17.4,17.04
70252,9.300,-4.530,0.450,6.56,2.62,16.62,26.33,313.0,26.0,10.35
70292,7.980,-0.010,-0.500,15.06,-0.88,0.00,26.33,313.0,0.1,8.00
70332,9.610,0.760,0.520,7.75,-0.38,-4.44,26.33,313.0,-4.5,9.65
70372,23.020,4.520,7.060,6.62,7.31,-1.56,26.33,313.0,-11.1,24.50
70412,15.920,1.080,-0.630,13.94,0.81,-2.31,26.33,313.0,-3.9,15.97
70452,8.040,-1.110,-2.840,8.94,-0.56,-0.06,26.33,313.0,7.9,8.60
70492,16.600,2.100,3.350,9.81,1.12,2.38,26.33,313.0,-7.2,17.06
70532,6.220,0.800,1.530,5.50,2.19,0.50,26.33,313.0,-7.3,6.46
70572,6.050,0.310,0.750,7.94,1.19,1.06,26.33,313.0,-2.9,6.10
70612,9.120,0.220,1.850,8.62,-0.19,0.06,26.33,313.0,-1.4,9.31
70652,9.750,1.120,-0.170,6.12,2.19,0.56,26.33,313.0,-6.6,9.82
70692,4.250,-0.010,-2.450,9.31,0.44,2.00,26.33,313.0,0.1,4.91
70732,3.780,-0.580,-1.760,9.00,1.19,4.19,26.33,313.0,8.7,4.21
70772,10.230,2.030,-1.920,9.62,-1.12,-2.31,26.33,313.0,-11.2,10.60
70812,7.020,0.450,0.380,4.69,11.88,6.56,26.33,313.0,-3.7,7.04
70852,10.910,-0.730,2.530,8.69,4.62,3.50,26.33,313.0,3.8,11.22
70892,17.870,-0.110,3.620,10.25,4.06,2.62,26.33,313.0,0.4,18.23
70932,9.110,-1.730,-3.960,7.00,3.62,2.44,25.96,304.8,10.8,10.08
70972,10.370,1.110,-2.780,6.44,-1.12,-0.12,25.96,304.8,-6.1,10.79
71012,14.150,1.030,0.990,9.38,-0.69,0.00,25.96,304.8,-4.2,14.22
71052,16.130,1.070,-0.190,8.19,0.31,0.44,25.96,304.8,-3.8,16.17
71092,9.780,1.340,-0.120,8.75,-1.25,0.12,25.96,304.8,-7.8,9.87
71132,10.050,0.360,-0.870,8.50,-1.69,0.81,25.96,304.8,-2.1,10.09
71172,9.810,2.240,-5.970,10.56,-2.56,-3.38,25.96,304.8,-12.9,11.70
71212,7.880,-2.250,-2.120,11.62,-4.44,-0.69,25.96,304.8,15.9,8.46
71252,10.490,0.430,-0.630,7.25,2.06,-0.81,25.96,304.8,-2.3,10.52
71292,10.210,-0.100,-1.980,9.75,-2.06,-3.06,25.96,304.8,0.6,10.40
71332,12.450,5.190,-5.890,6.00,10.12,-0.88,25.96,304.8,-22.6,14.72
71372,0.640,-2.000,3.110,5.38,-0.94,9.75,25.96,304.8,72.3,3.75
71412,9.240,-1.560,4.130,8.50,-0.19,5.81,25.96,304.8,9.6,10.24
71452,17.720,2.550,-0.570,10.69,0.81,-1.62,25.96,304.8,-8.2,17.91
71492,-1.120,-1.770,2.700,6.50,5.81,16.19,25.96,304.8,122.3,3.42
71532,13.220,-0.040,1.080,9.44,0.25,5.38,25.96,304.8,0.2,13.26
71572,12.810,0.320,0.160,7.69,-1.81,-2.19,25.96,304.8,-1.4,12.81
71612,7.430,-1.030,1.250,8.81,1.50,-2.06,25.96,304.8,7.9,7.60
71652,1.390,-0.200,0.510,7.00,3.81,1.38,25.96,304.8,8.2,1.49
71692,7.890,-0.670,1.620,9.88,3.38,-2.00,25.96,304.8,4.9,8.08
71732,7.300,0.100,1.980,7.81,1.19,-3.31,25.96,304.8,-0.8,7.56
71772,9.320,2.470,0.140,8.25,-2.12,-5.75,25.96,304.8,-14.8,9.64
71812,9.910,1.850,2.570,10.62,-1.00,-3.88,25.96,304.8,-10.6,10.40
71852,17.620,3.190,10.750,8.25,-2.62,-3.75,25.96,304.8,-10.3,20.89
71892,10.870,3.200,-0.740,0.88,12.25,-1.88,25.96,304.8,-16.4,11.36
71932,17.500,-2.270,5.670,11.88,9.75,8.94,26.05,297.4,7.4,18.54
71972,8.010,-0.730,-4.220,4.19,3.12,2.31,26.05,297.4,5.2,9.08
72012,9.810,1.390,-0.550,8.56,0.81,1.06,26.05,297.4,-8.1,9.92
72052,7.300,-0.040,-2.990,10.62,-3.25,-0.81,26.05,297.4,0.3,7.89
72092,10.570,-0.590,1.290,7.75,2.19,-1.31,26.05,297.4,3.2,10.66
72132,11.250,-0.330,-0.940,7.81,-4.31,-6.12,26.05,297.4,1.7,11.29
72172,9.540,5.260,-5.530,8.00,4.06,-2.75,26.05,297.4,-28.9,12.22
72212,-0.560,0.700,-1.830,2.88,13.31,-3.56,26.05,297.4,-128.7,2.04
72252,5.700,2.280,1.500,1.88,15.69,-3.31,26.05,297.4,-21.8,6.32
72292,6.380,-0.140,1.460,5.00,7.44,3.88,26.05,297.4,1.3,6.55
72332,8.960,1.600,2.250,7.56,4.19,1.12,26.05,297.4,-10.1,9.38
72372,-1.200,0.360,-1.520,6.44,8.31,3.31,26.05,297.4,-163.3,1.97
72412,6.480,-2.030,3.950,2.50,4.75,6.50,26.05,297.4,17.4,7.86
72452,11.790,-1.160,5.010,5.38,4.69,2.81,26.05,297.4,5.6,12.86
72492,13.770,1.180,2.150,7.31,7.31,2.62,26.05,297.4,-4.9,13.99
72532,8.430,-1.150,3.000,6.38,3.00,5.12,26.05,297.4,7.8,9.02
72572,6.990,0.170,-2.660,10.75,0.69,0.12,26.05,297.4,-1.4,7.48
72612,7.960,2.050,-0.990,8.19,0.00,-2.62,26.05,297.4,-14.4,8.28
72652,5.530,1.060,-0.690,10.50,-1.94,-2.00,26.05,297.4,-10.9,5.67
72692,8.700,1.250,4.080,4.69,6.94,1.75,26.05,297.4,-8.2,9.69
72732,11.060,0.910,4.840,9.50,5.50,-1.50,26.05,297.4,-4.7,12.11
72772,4.070,-0.810,4.620,7.50,-1.56,-3.69,26.05,297.4,11.3,6.21
72812,8.770,0.090,3.230,5.88,0.31,1.75,26.05,297.4,-0.6,9.35
72852,10.260,1.360,-0.870,11.19,-5.38,-2.00,26.05,297.4,-7.6,10.39
72892,16.430,3.590,1.840,8.31,-2.12,-2.31,26.05,297.4,-12.3,16.92
72932,12.840,2.380,-3.390,8.31,-1.81,-2.25,26.44,289.2,-10.5,13.49
72972,11.720,-0.920,-3.190,12.50,-1.00,-2.25,26.44,289.2,4.5,12.18
73012,21.490,2.880,5.710,7.88,-4.62,-7.88,26.44,289.2,-7.6,22.42
73052,23.370,-7.800,3.500,19.56,-7.75,-3.25,26.44,289.2,18.5,24.88
73092,7.090,-0.850,-4.440,15.75,-9.06,3.62,26.44,289.2,6.8,8.41
73132,13.230,1.700,-2.850,15.19,-3.44,-0.94,26.44,289.2,-7.3,13.64
73172,13.520,0.740,-2.230,10.69,1.69,-1.38,26.44,289.2,-3.1,13.72
73212,6.220,-1.080,0.980,6.88,4.12,3.19,26.44,289.2,9.9,6.39
73252,7.600,0.220,-1.890,10.50,-0.19,-0.12,26.44,289.2,-1.7,7.83
73292,4.820,0.920,-3.520,6.88,1.62,-1.44,26.44,289.2,-10.8,6.04
73332,8.950,-0.420,1.370,4.62,6.44,1.81,26.44,289.2,2.7,9.06
73372,6.310,-0.600,1.920,8.69,4.88,2.94,26.44,289.2,5.4,6.62
73412,9.330,-0.260,-0.880,5.25,3.00,1.44,26.44,289.2,1.6,9.38
73452,7.420,-1.350,0.360,5.38,5.44,3.12,26.44,289.2,10.3,7.55
73492,13.390,-0.300,2.140,3.81,2.81,0.62,26.44,289.2,1.3,13.56
73532,12.360,0.650,1.920,8.94,2.06,-1.06,26.44,289.2,-3.0,12.53
73572,12.960,1.960,-4.270,10.38,-1.94,-3.38,26.44,289.2,-8.6,13.79
73612,6.040,3.540,-7.630,10.50,-1.56,-6.56,26.44,289.2,-30.4,10.36
73652,1.110,-1.520,-1.170,2.19,5.88,6.12,26.44,289.2,53.9,2.22
73692,6.510,-0.210,1.580,5.88,1.00,0.69,26.44,289.2,1.8,6.70
73732,9.130,-0.370,1.640,8.44,1.81,-0.69,26.44,289.2,2.3,9.28
73772,6.300,-0.590,0.980,7.81,-0.75,-3.44,26.44,289.2,5.4,6.40
73812,12.240,3.300,-1.160,9.38,-2.75,-8.75,26.44,289.2,-15.1,12.73
73852,17.280,0.950,5.940,5.50,-4.38,0.44,26.44,289.2,-3.1,18.30
73892,5.780,-0.440,3.150,7.75,-1.19,3.25,26.44,289.2,4.4,6.60
73932,5.220,-1.040,1.080,9.62,-6.69,6.75,26.05,281.0,11.3,5.43
73972,7.570,-1.540,-1.960,10.44,-1.44,7.75,26.05,281.0,11.5,7.97
74012,9.250,0.110,-2.850,12.69,-1.81,2.50,26.05,281.0,-0.7,9.68
74052,10.950,-1.450,0.130,7.56,2.25,4.62,26.05,281.0,7.5,11.05
74092,7.230,0.120,2.850,9.25,2.00,1.19,26.05,281.0,-1.0,7.77
74132,13.110,1.970,-0.540,8.88,2.31,-2.25,26.05,281.0,-8.5,13.27
74172,15.880,1.190,4.900,3.81,7.81,0.69,26.05,281.0,-4.3,16.66
74212,4.290,0.970,0.170,9.38,3.56,0.44,26.05,281.0,-12.7,4.40
74252,7.060,-0.020,-0.660,6.06,-0.06,1.06,26.05,281.0,0.2,7.09
74292,9.760,1.570,-0.750,11.44,-2.44,-3.06,26.05,281.0,-9.1,9.91
74332,2.910,0.000,0.100,5.69,5.62,0.25,26.05,281.0,-0.0,2.91
74372,9.240,1.590,3.770,3.62,8.00,-3.81,26.05,281.0,-9.8,10.11
74412,11.550,2.050,2.660,5.62,7.12,-1.50,26.05,281.0,-10.1,12.03
74452,6.880,0.360,2.390,5.62,5.00,3.19,26.05,281.0,-3.0,7.29
74492,10.700,0.690,0.520,11.62,-2.94,0.38,26.05,281.0,-3.7,10.73
74532,7.330,0.610,1.020,4.75,-0.06,-1.44,26.05,281.0,-4.8,7.43
74572,8.360,0.460,-2.400,9.69,-0.88,-2.62,26.05,281.0,-3.1,8.71
74612,3.040,1.300,-1.370,6.31,3.81,-2.31,26.05,281.0,-23.2,3.58
74652,9.870,0.880,-1.330,9.25,3.19,-1.62,26.05,281.0,-5.1,10.00
74692,11.340,1.860,0.860,6.56,3.62,-2.88,26.05,281.0,-9.3,11.52
74732,9.550,-0.530,1.670,5.00,2.62,0.25,26.05,281.0,3.2,9.71
74772,10.630,1.880,-3.760,10.50,-0.44,-3.25,26.05,281.0,-10.0,11.43
74812,7.870,0.890,1.320,6.81,4.50,1.62,26.05,281.0,-6.5,8.03
74852,4.480,0.510,0.340,7.12,2.00,-2.50,26.05,281.0,-6.5,4.52
74892,6.010,0.570,1.860,5.81,-1.31,-5.38,26.05,281.0,-5.4,6.32
74932,10.580,3.840,-0.610,6.56,2.25,-4.25,26.33,272.7,-19.9,11.27
74972,10.410,-0.840,1.410,9.44,3.62,6.00,26.33,272.7,4.6,10.54
75012,9.060,0.430,-3.930,10.38,-0.81,6.62,26.33,272.7,-2.7,9.89
75052,8.310,0.070,-1.230,11.50,3.12,4.19,26.33,272.7,-0.5,8.40
75092,10.140,0.280,0.870,6.06,2.75,0.94,26.33,272.7,-1.6,10.18
75132,4.420,0.310,0.160,7.19,4.88,-0.06,26.33,272.7,-4.0,4.43
75172,12.780,-0.360,4.930,3.19,6.06,3.31,26.33,272.7,1.6,13.70
75212,12.820,1.070,-1.750,8.62,-0.94,-2.44,26.33,272.7,-4.8,12.98
75252,0.560,-0.110,1.370,5.44,9.25,3.81,26.33,272.7,11.1,1.48
75292,5.520,1.550,-3.960,9.56,2.12,-3.25,26.33,272.7,-15.7,6.97
75332,8.080,0.880,-0.400,3.88,6.19,1.00,26.33,272.7,-6.2,8.14
75372,8.440,0.230,2.200,6.56,6.56,-1.75,26.33,272.7,-1.6,8.73
75412,9.770,0.230,1.240,7.38,2.50,-2.25,26.33,272.7,-1.3,9.85
75452,7.430,-0.070,3.280,4.81,3.88,-1.56,26.33,272.7,0.5,8.12
75492,8.750,0.320,1.040,10.25,-3.38,-2.12,26.33,272.7,-2.1,8.82
75532,6.200,-0.360,2.550,7.31,3.00,0.31,26.33,272.7,3.3,6.71
75572,7.990,1.100,0.650,6.25,6.19,2.38,26.33,272.7,-7.8,8.09
75612,13.560,0.960,2.610,8.62,3.44,2.56,26.33,272.7,-4.0,13.84
75652,9.660,-0.270,1.620,8.25,2.31,2.69,26.33,272.7,1.6,9.80
75692,4.800,1.150,0.220,8.19,-0.12,-0.31,26.33,272.7,-13.5,4.94
75732,0.650,0.150,-4.550,6.50,-0.75,-2.25,26.33,272.7,-13.0,4.60
75772,7.410,0.390,-1.660,8.81,-3.06,-3.69,26.33,272.7,-3.0,7.60
75812,14.280,3.870,-5.460,9.12,-0.75,-4.12,26.33,272.7,-15.2,15.77
75852,12.400,-1.220,8.100,5.88,14.81,5.94,26.33,272.7,5.6,14.86
75892,5.940,0.620,2.840,3.62,5.44,-2.50,26.33,272.7,-6.0,6.61
75932,4.230,0.520,3.700,1.38,10.12,3.38,26.30,266.1,-7.0,5.64
75972,6.680,-0.540,4.410,8.06,11.31,3.25,26.30,266.1,4.6,8.02
76012,11.820,1.530,5.310,2.06,6.81,0.69,26.30,266.1,-7.4,13.05
76052,8.990,-0.420,2.230,9.12,-1.00,3.69,26.30,266.1,2.7,9.27
76092,14.070,2.590,-0.960,9.56,-2.56,0.31,26.30,266.1,-10.4,14.34
76132,11.650,2.350,-5.130,7.19,4.88,0.81,26.30,266.1,-11.4,12.94
76172,10.410,-0.150,3.870,3.12,13.94,4.31,26.30,266.1,0.8,11.11
76212,10.180,-0.300,3.270,3.50,10.69,4.38,26.30,266.1,1.7,10.70
76252,9.030,1.210,3.810,6.38,6.81,0.56,26.30,266.1,-7.6,9.88
76292,9.580,-0.140,-0.050,7.00,1.81,0.62,26.30,266.1,0.8,9.58
76332,13.360,0.000,1.790,6.81,3.56,-0.94,26.30,266.1,-0.0,13.48
76372,20.100,1.890,7.190,6.44,6.44,0.38,26.30,266.1,-5.4,21.43
76412,5.520,-0.710,3.420,6.81,3.38,2.19,26.30,266.1,7.3,6.53
76452,9.870,-0.450,-1.300,7.81,-1.62,0.56,26.30,266.1,2.6,9.97
76492,14.210,0.680,-2.920,9.50,-4.06,-2.94,26.30,266.1,-2.7,14.52
76532,8.680,1.710,-6.080,8.75,-2.12,-5.31,26.30,266.1,-11.1,10.73
76572,17.960,-1.100,-7.970,14.31,-0.50,2.06,26.30,266.1,3.5,19.68
76612,11.010,-1.290,-3.020,7.75,5.44,-1.50,26.30,266.1,6.7,11.49
76652,12.400,0.060,0.660,9.06,-0.75,0.25,26.30,266.1,-0.3,12.42
76692,10.160,0.600,1.380,9.62,3.19,-1.81,26.30,266.1,-3.4,10.27
76732,5.580,-0.160,0.890,3.00,2.69,-1.25,26.30,266.1,1.6,5.65
76772,8.980,-0.480,1.040,5.62,0.19,1.94,26.30,266.1,3.1,9.05
76812,12.980,1.840,-2.310,9.19,-3.38,-4.00,26.30,266.1,-8.1,13.31
76852,-1.550,-1.160,-0.620,7.75,5.62,4.69,26.30,266.1,143.2,2.03
76892,7.300,2.030,3.130,6.56,8.12,-1.62,26.30,266.1,-15.5,8.20
76932,0.300,-1.740,2.570,5.44,8.19,6.31,26.30,258.2,80.2,3.12
76972,10.720,0.270,1.900,4.50,0.12,0.25,26.30,258.2,-1.4,10.89
77012,8.260,-0.280,1.350,7.88,0.81,0.06,26.30,258.2,1.9,8.37
77052,-1.080,-0.380,-3.790,8.50,9.81,1.12,26.30,258.2,160.6,3.96
77092,8.170,-2.080,1.180,-0.88,6.25,9.00,26.30,258.2,14.3,8.51
77132,12.090,1.550,4.220,5.38,4.50,-3.56,26.30,258.2,-7.3,12.90
77172,6.220,1.200,-2.070,10.38,3.44,-3.50,26.30,258.2,-10.9,6.66
77212,0.970,-0.100,0.540,4.94,7.00,-1.69,26.30,258.2,5.9,1.11
77252,7.520,1.700,2.020,7.62,4.94,-3.19,26.30,258.2,-12.7,7.97
77292,8.480,-0.150,0.050,4.00,2.19,-0.50,26.30,258.2,1.0,8.48
77332,9.270,1.470,-1.920,8.62,1.94,-0.81,26.30,258.2,-9.0,9.58
77372,3.960,1.590,1.150,9.12,-0.69,-0.94,26.30,258.2,-21.9,4.42
77412,4.610,0.760,1.390,4.75,8.69,1.00,26.30,258.2,-9.4,4.87
77452,15.820,-3.090,1.490,6.62,-0.69,3.44,26.30,258.2,11.1,16.19
77492,16.810,-0.940,5.280,5.38,5.94,3.81,26.30,258.2,3.2,17.64
77532,13.240,-2.130,6.270,6.75,8.62,7.94,26.30,258.2,9.1,14.80
77572,11.850,-0.230,4.330,9.19,-2.56,3.38,26.30,258.2,1.1,12.62
77612,1.080,-0.820,-1.140,6.56,9.56,4.06,26.30,258.2,37.2,1.77
77652,10.930,-0.400,3.270,7.81,8.62,3.81,26.30,258.2,2.1,11.42
77692,5.080,-0.820,1.340,7.69,5.19,4.56,26.30,258.2,9.2,5.32
77732,6.870,-1.360,-0.990,6.88,2.00,3.88,26.30,258.2,11.2,7.07
77772,8.260,-1.300,-2.170,8.88,-1.25,0.56,26.30,258.2,8.9,8.64
77812,-2.280,-0.020,-2.510,9.69,1.12,-2.06,26.30,258.2,179.5,3.39
77852,1.830,0.760,2.850,-0.12,13.44,2.06,26.30,258.2,-22.6,3.47
77892,2.390,0.040,-1.480,3.44,5.38,0.00,26.30,258.2,-1.0,2.81
77932,13.010,-0.440,2.200,4.31,4.06,0.25,26.51,249.9,1.9,13.20
77972,10.130,-1.370,-0.460,10.44,0.75,4.06,26.51,249.9,7.7,10.23
78012,7.550,-1.030,1.590,10.12,3.88,1.25,26.51,249.9,7.8,7.78
78052,10.450,-0.790,-2.110,3.62,4.38,1.12,26.51,249.9,4.3,10.69
78092,13.020,0.740,0.600,9.81,-1.06,-0.06,26.51,249.9,-3.3,13.05
78132,11.540,-1.350,5.490,8.56,5.62,4.81,26.51,249.9,6.7,12.85
78172,6.880,-0.800,0.970,6.81,2.81,1.44,26.51,249.9,6.6,6.99
78212,7.350,-0.090,-0.270,9.50,-2.19,0.06,26.51,249.9,0.7,7.36
78252,9.970,0.470,-1.310,6.50,3.12,-1.31,26.51,249.9,-2.7,10.07
78292,15.300,0.650,0.320,7.50,6.81,2.06,26.51,249.9,-2.4,15.32
78332,8.350,1.450,0.790,8.50,-1.38,-3.50,26.51,249.9,-9.9,8.51
78372,-3.650,-0.590,-1.040,5.75,13.88,3.19,26.51,249.9,170.8,3.84
78412,-2.410,-1.250,2.070,0.62,12.75,8.56,26.51,249.9,152.6,3.41
78452,11.910,-0.100,5.920,3.75,4.75,4.50,26.51,249.9,0.5,13.30
78492,2.590,-1.300,1.090,4.88,2.94,3.69,26.51,249.9,26.7,3.10
78532,4.170,-0.500,3.290,10.81,-2.38,5.88,26.51,249.9,6.8,5.34
78572,13.410,0.120,4.620,12.88,-5.69,1.94,26.51,249.9,-0.5,14.18
78612,4.640,-1.250,1.280,8.75,6.81,2.69,26.51,249.9,15.1,4.97
78652,7.620,-0.110,3.850,4.00,6.00,3.38,26.51,249.9,0.8,8.54
78692,12.150,-0.520,-1.280,5.81,0.88,2.12,26.51,249.9,2.5,12.23
78732,12.350,3.310,-6.520,4.94,-4.31,-0.38,26.51,249.9,-15.0,14.35
78772,3.610,-0.560,-9.780,7.88,-7.50,2.00,26.51,249.9,8.8,10.44
78812,8.350,1.230,-3.780,19.31,-7.62,-2.88,26.51,249.9,-8.4,9.25
78852,4.400,1.060,-3.390,9.81,-2.75,-4.00,26.51,249.9,-13.5,5.65
78892,5.580,0.090,-0.170,10.25,-2.44,0.81,26.51,249.9,-0.9,5.58
78932,11.120,2.300,-0.440,6.88,1.12,0.25,27.15,241.3,-11.7,11.36
78972,13.740,2.300,-2.910,10.69,-4.69,0.31,27.15,241.3,-9.5,14.23
79012,10.540,2.750,-2.180,10.25,-0.06,3.12,27.15,241.3,-14.6,11.11
79052,9.100,1.550,-2.810,11.94,-2.38,0.75,27.15,241.3,-9.7,9.65
79092,11.050,1.490,-0.550,7.62,0.69,-3.12,27.15,241.3,-7.7,11.16
79132,11.150,0.200,-0.910,10.38,0.00,-3.06,27.15,241.3,-1.0,11.19
79172,5.700,0.860,1.650,7.62,3.31,-2.50,27.15,241.3,-8.6,6.00
79212,10.690,0.630,1.820,7.38,1.31,-1.00,27.15,241.3,-3.4,10.86
79252,10.570,1.480,-2.310,10.88,1.50,-1.00,27.15,241.3,-8.0,10.92
79292,10.270,0.890,0.990,7.06,0.44,-2.94,27.15,241.3,-5.0,10.36
79332,13.890,0.630,-0.670,9.69,1.62,0.00,27.15,241.3,-2.6,13.92
79372,10.300,1.080,4.990,5.06,2.94,-0.06,27.15,241.3,-6.0,11.50
79412,12.810,-0.220,0.640,10.69,-2.50,-1.62,27.15,241.3,1.0,12.83
79452,7.310,1.100,-1.560,11.94,-4.75,-2.69,27.15,241.3,-8.6,7.56
79492,1.550,-0.090,-5.130,11.69,-1.31,-1.69,27.15,241.3,3.3,5.36
79532,9.580,-0.810,-4.590,11.50,3.25,0.69,27.15,241.3,4.8,10.65
79572,11.140,0.700,4.220,5.50,6.12,0.06,27.15,241.3,-3.6,11.93
79612,9.560,0.000,-0.530,3.44,2.12,1.81,27.15,241.3,-0.0,9.57
79652,-1.420,0.350,-1.620,7.56,2.38,-0.81,27.15,241.3,-166.2,2.18
79692,4.360,0.420,-2.070,6.38,4.75,-0.06,27.15,241.3,-5.5,4.84
79732,12.670,1.980,0.710,9.75,3.50,-1.75,27.15,241.3,-8.9,12.84
79772,13.730,4.220,-5.130,5.88,3.56,-1.38,27.15,241.3,-17.1,15.25
79812,10.280,-0.370,-0.360,8.19,4.94,2.50,27.15,241.3,2.1,10.29
79852,11.840,0.060,-0.850,4.25,1.56,3.69,27.15,241.3,-0.3,11.87
79892,10.610,1.390,-1.750,6.50,0.56,2.31,27.15,241.3,-7.5,10.84
79932,9.550,0.830,0.670,9.81,-1.75,5.44,26.63,233.8,-5.0,9.61
79972,7.630,-0.190,-1.980,3.56,3.06,6.88,26.63,233.8,1.4,7.89
80012,9.490,-0.040,-1.700,8.31,-1.19,0.81,26.63,233.8,0.2,9.64
80052,9.280,1.060,1.850,3.19,1.06,5.19,26.63,233.8,-6.5,9.52
80092,2.650,-0.030,-2.030,6.75,3.44,5.44,26.63,233.8,0.6,3.34
80132,-1.140,-0.220,-1.480,7.00,5.44,11.44,26.63,233.8,169.1,1.88
80172,10.140,-1.290,2.310,7.12,0.38,9.06,26.63,233.8,7.3,10.48
80212,3.630,0.590,-3.110,7.75,-1.00,5.94,26.63,233.8,-9.2,4.82
80252,11.490,0.350,-0.990,3.12,-3.38,6.12,26.63,233.8,-1.7,11.54
80292,9.060,-1.150,-1.540,10.00,-0.25,6.75,26.63,233.8,7.2,9.26
80332,12.890,-0.410,1.240,3.81,0.25,3.06,26.63,233.8,1.8,12.96
80372,13.380,-0.250,-0.660,6.75,-0.31,4.31,26.63,233.8,1.1,13.40
80412,13.980,0.880,1.130,5.00,1.38,3.75,26.63,233.8,-3.6,14.05
80452,5.510,0.200,-0.240,3.12,3.31,4.19,26.63,233.8,-2.1,5.52
80492,9.650,-1.090,-0.760,4.38,0.56,5.25,26.63,233.8,6.4,9.74
80532,7.970,-0.870,1.360,4.56,1.25,4.75,26.63,233.8,6.2,8.13
80572,13.540,-1.460,-0.140,3.69,-1.94,4.50,26.63,233.8,6.2,13.62
80612,14.560,1.170,-0.270,4.25,0.19,1.88,26.63,233.8,-4.6,14.61
80652,13.000,0.580,-1.090,3.38,1.75,3.44,26.63,233.8,-2.6,13.06
80692,8.570,-0.900,-1.840,4.19,0.19,3.75,26.63,233.8,6.0,8.81
80732,8.530,0.780,0.630,3.69,1.94,2.56,26.63,233.8,-5.2,8.59
80772,9.580,0.960,3.190,7.00,0.50,-2.50,26.63,233.8,-5.7,10.14
80812,11.450,0.110,2.100,2.50,3.25,1.62,26.63,233.8,-0.6,11.64
80852,11.910,-0.440,2.000,2.12,4.62,2.56,26.63,233.8,2.1,12.08
80892,10.700,-0.590,1.330,4.19,-1.62,1.12,26.63,233.8,3.2,10.80
80932,9.180,-0.620,0.040,6.50,-3.12,0.38,26.07,226.5,3.9,9.20
80972,3.200,0.350,-2.930,8.25,-4.19,1.44,26.07,226.5,-6.2,4.35
81012,5.410,-0.490,1.890,-0.62,-1.94,0.38,26.07,226.5,5.2,5.75
81052,10.950,-1.250,-2.510,8.88,-4.94,2.69,26.07,226.5,6.5,11.30
81092,11.540,-0.140,1.460,3.12,2.25,3.62,26.07,226.5,0.7,11.63
81132,4.400,-0.780,-0.710,4.88,1.00,5.56,26.07,226.5,10.1,4.52
81172,12.220,-1.040,2.730,0.56,2.31,7.12,26.07,226.5,4.9,12.56
81212,13.310,-1.770,1.940,2.69,3.12,4.56,26.07,226.5,7.6,13.57
81252,4.990,-0.150,0.170,4.06,4.38,4.44,26.07,226.5,1.7,5.00
81292,9.040,0.760,2.050,1.38,3.50,1.69,26.07,226.5,-4.8,9.30
81332,5.920,-1.940,2.280,1.62,-0.12,4.56,26.07,226.5,18.1,6.63
81372,9.540,-1.020,1.160,5.06,-2.94,2.94,26.07,226.5,6.1,9.66
81412,11.860,-0.690,2.300,2.06,1.25,4.50,26.07,226.5,3.3,12.10
81452,6.350,0.070,1.350,2.38,0.50,4.06,26.07,226.5,-0.6,6.49
81492,9.980,0.790,0.870,2.31,-0.81,3.12,26.07,226.5,-4.5,10.05
81532,13.050,0.960,0.050,3.12,0.19,3.19,26.07,226.5,-4.2,13.09
81572,11.750,2.170,0.660,4.50,0.62,2.00,26.07,226.5,-10.5,11.97
81612,7.130,0.300,-0.020,3.88,0.50,4.69,26.07,226.5,-2.4,7.14
81652,8.120,1.110,1.070,2.19,1.12,3.25,26.07,226.5,-7.8,8.27
81692,13.410,0.170,1.160,0.12,2.62,3.50,26.07,226.5,-0.7,13.46
81732,8.910,-0.340,-2.130,2.19,3.31,2.25,26.07,226.5,2.2,9.17
81772,7.440,-0.180,1.240,-1.19,5.31,6.31,26.07,226.5,1.4,7.54
81812,7.510,0.860,2.150,-3.19,5.56,4.31,26.07,226.5,-6.5,7.86
81852,13.140,-0.370,0.750,0.06,0.19,2.88,26.07,226.5,1.6,13.17
81892,10.610,-0.860,0.000,1.50,1.75,4.75,26.07,226.5,4.6,10.64
81932,14.390,-1.590,2.340,1.06,-2.00,4.88,26.43,221.2,6.3,14.67
81972,8.420,-0.550,0.360,2.75,-1.94,2.62,26.43,221.2,3.7,8.45
82012,9.550,0.650,-1.810,4.44,-3.19,3.12,26.43,221.2,-3.9,9.74
82052,10.180,1.370,-0.600,0.88,0.88,3.19,26.43,221.2,-7.7,10.29
82092,8.200,1.830,-1.000,0.69,1.06,2.31,26.43,221.2,-12.6,8.46
82132,8.960,2.710,-1.850,-1.06,0.12,2.69,26.43,221.2,-16.8,9.54
82172,8.210,1.720,1.940,-0.88,4.19,2.56,26.43,221.2,-11.8,8.61
82212,7.690,1.610,0.760,-1.81,2.69,3.38,26.43,221.2,-11.8,7.89
82252,10.360,1.160,0.870,-1.50,0.62,3.75,26.43,221.2,-6.4,10.46
82292,11.860,0.990,1.480,0.06,-0.44,4.69,26.43,221.2,-4.8,11.99
82332,10.790,0.460,-0.490,-1.94,-1.38,6.31,26.43,221.2,-2.4,10.81
82372,6.490,0.620,1.580,0.44,-0.75,5.19,26.43,221.2,-5.5,6.71
82412,8.920,0.820,0.230,-1.69,1.00,5.88,26.43,221.2,-5.3,8.96
82452,9.980,0.080,2.730,-3.25,0.50,6.12,26.43,221.2,-0.5,10.35
82492,10.660,1.310,0.290,-0.25,-2.31,4.69,26.43,221.2,-7.0,10.74
82532,9.580,0.500,-1.600,-0.44,-3.25,5.06,26.43,221.2,-3.0,9.73
82572,9.630,-0.140,0.060,-2.25,2.25,5.31,26.43,221.2,0.8,9.63
82612,9.690,-0.290,2.160,-5.31,2.69,7.56,26.43,221.2,1.7,9.93
82652,8.720,0.430,0.630,-2.56,0.19,6.06,26.43,221.2,-2.8,8.75
82692,10.100,-0.070,-1.540,0.56,-2.75,5.50,26.43,221.2,0.4,10.22
82732,9.290,0.830,-0.750,-2.56,-1.44,4.81,26.43,221.2,-5.1,9.36
82772,12.870,1.720,0.210,0.19,-3.75,2.31,26.43,221.2,-7.6,12.99
82812,10.950,0.920,-0.610,-0.75,-2.38,4.62,26.43,221.2,-4.8,11.01
82852,8.470,1.010,0.710,-1.44,-1.12,5.25,26.43,221.2,-6.8,8.56
82892,13.230,0.720,1.020,-2.50,0.88,5.38,26.43,221.2,-3.1,13.29
82932,11.400,-0.810,-1.750,-2.44,-2.44,7.19,26.32,219.2,4.1,11.56
82972,9.010,0.600,0.580,4.38,-7.19,4.94,26.32,219.2,-3.8,9.05
83012,12.890,2.840,1.940,-1.88,0.69,1.00,26.32,219.2,-12.4,13.34
83052,8.120,3.420,-2.440,-2.75,-0.94,0.38,26.32,219.2,-22.8,9.14
83092,8.900,-0.310,1.510,0.88,2.19,3.81,26.32,219.2,2.0,9.03
83132,12.800,2.000,1.950,-7.44,3.62,4.06,26.32,219.2,-8.9,13.10
83172,7.020,1.310,1.820,-1.88,4.06,3.31,26.32,219.2,-10.6,7.37
83212,8.200,0.740,2.560,-7.06,4.06,7.94,26.32,219.2,-5.2,8.62
83252,8.060,1.200,-2.350,-1.88,-1.50,6.00,26.32,219.2,-8.5,8.48
83292,12.950,0.120,0.470,-3.50,2.31,4.62,26.32,219.2,-0.5,12.96
83332,9.460,0.470,0.600,-4.88,-0.25,5.44,26.32,219.2,-2.8,9.49
83372,8.630,0.970,0.370,-2.88,1.06,3.38,26.32,219.2,-6.4,8.69
83412,9.880,0.430,1.560,-6.50,2.38,6.19,26.32,219.2,-2.5,10.01
83452,3.120,0.350,-0.080,-5.44,2.75,6.12,26.32,219.2,-6.4,3.14
83492,12.290,-1.490,1.970,-6.75,1.75,7.31,26.32,219.2,6.9,12.54
83532,6.980,-0.690,-1.040,-4.06,1.25,4.69,26.32,219.2,5.6,7.09
83572,5.650,1.520,1.390,-5.44,-1.00,3.25,26.32,219.2,-15.1,6.01
83612,8.970,0.840,0.310,-6.50,-2.06,6.94,26.32,219.2,-5.3,9.01
83652,7.590,1.310,-1.140,-2.62,-5.31,7.06,26.32,219.2,-9.8,7.79
83692,4.960,-0.120,1.440,-5.94,-3.25,9.31,26.32,219.2,1.4,5.17
83732,18.100,3.230,5.410,-7.81,-1.75,6.94,26.32,219.2,-10.1,19.17
83772,4.380,0.100,-1.660,-5.06,-3.06,7.62,26.32,219.2,-1.3,4.69
83812,11.760,-1.460,0.300,-6.44,-1.62,6.56,26.32,219.2,7.1,11.85
83852,7.440,1.730,-1.280,-5.38,-4.00,5.06,26.32,219.2,-13.1,7.74
83892,7.800,0.500,0.770,-11.94,3.88,2.31,26.32,219.2,-3.7,7.85
83932,7.550,0.270,1.200,-7.12,1.06,6.44,26.26,221.3,-2.0,7.65
83972,12.680,-0.850,1.560,-8.00,-0.50,7.75,26.26,221.3,3.8,12.80
84012,9.190,-0.220,-2.190,-3.69,0.31,6.44,26.26,221.3,1.4,9.45
84052,10.700,-0.180,-1.130,-7.44,4.44,3.75,26.26,221.3,1.0,10.76
84092,14.690,0.950,1.230,-7.12,5.19,0.62,26.26,221.3,-3.7,14.77
84132,12.250,0.770,-0.680,-6.81,4.12,3.44,26.26,221.3,-3.6,12.29
84172,11.260,0.930,0.620,-8.38,6.50,2.81,26.26,221.3,-4.7,11.32
84212,10.740,1.510,-1.780,-4.69,1.62,2.75,26.26,221.3,-8.0,10.99
84252,7.730,0.920,0.560,-6.31,4.06,5.06,26.26,221.3,-6.8,7.80
84292,7.880,0.340,1.110,-10.12,4.31,6.12,26.26,221.3,-2.5,7.97
84332,8.540,0.470,0.590,-5.06,0.38,8.44,26.26,221.3,-3.2,8.57
84372,6.110,-0.890,1.720,-10.06,3.38,10.38,26.26,221.3,8.3,6.41
84412,5.930,-1.040,0.760,-5.94,-3.25,7.12,26.26,221.3,9.9,6.07
84452,7.970,-0.600,-0.360,-8.06,-2.44,5.31,26.26,221.3,4.3,8.00
84492,14.340,-0.940,-0.110,-6.00,-1.50,2.62,26.26,221.3,3.8,14.37
84532,8.080,-0.180,-2.040,-10.06,-0.19,-0.25,26.26,221.3,1.3,8.34
84572,11.240,0.600,0.390,-7.19,-1.19,-2.06,26.26,221.3,-3.1,11.26
84612,12.960,0.210,-0.120,-7.12,-0.69,-0.56,26.26,221.3,-0.9,12.96
84652,7.540,0.230,1.140,-9.81,2.25,0.12,26.26,221.3,-1.7,7.63
84692,9.120,0.650,0.770,-9.81,-2.06,1.44,26.26,221.3,-4.1,9.18
84732,6.790,0.900,1.640,-7.56,-0.62,1.19,26.26,221.3,-7.6,7.04
84772,14.150,-1.390,0.230,-8.75,-3.94,5.62,26.26,221.3,5.6,14.22
84812,4.770,0.280,-0.250,-8.88,2.44,3.00,26.26,221.3,-3.4,4.78
84852,6.590,1.200,1.680,-9.88,4.00,-1.31,26.26,221.3,-10.3,6.91
84892,10.290,0.290,1.570,-8.38,1.44,-1.25,26.26,221.3,-1.6,10.41
84932,12.610,0.120,2.110,-11.12,5.12,-1.81,25.74,226.3,-0.5,12.79
84972,6.850,-0.030,0.510,-10.50,1.62,-2.12,25.74,226.3,0.3,6.87
85012,10.390,-1.030,2.210,-8.31,5.38,-1.06,25.74,226.3,5.7,10.67
85052,8.390,-0.480,0.900,-9.94,5.25,-0.62,25.74,226.3,3.3,8.45
85092,10.710,1.140,0.420,-7.50,4.44,-2.38,25.74,226.3,-6.1,10.78
85132,9.300,0.710,1.510,-8.06,2.38,-2.50,25.74,226.3,-4.4,9.45
85172,12.660,0.860,1.880,-8.69,5.56,0.12,25.74,226.3,-3.9,12.83
85212,8.850,-0.930,-1.410,-10.25,4.50,1.69,25.74,226.3,6.0,9.01
85252,8.440,0.310,0.300,-6.56,1.88,-0.31,25.74,226.3,-2.1,8.45
85292,10.230,1.670,1.230,-8.69,1.88,1.00,25.74,226.3,-9.3,10.44
85332,6.680,0.580,0.970,-8.62,0.94,0.88,25.74,226.3,-5.0,6.77
85372,10.930,0.220,1.670,-8.75,0.62,1.38,25.74,226.3,-1.2,11.06
85412,9.170,-0.490,-0.080,-7.31,0.75,2.44,25.74,226.3,3.1,9.18
85452,10.380,-1.090,0.570,-8.12,2.69,2.69,25.74,226.3,6.0,10.45
85492,9.120,-0.620,-0.680,-7.62,1.00,0.38,25.74,226.3,3.9,9.17
85532,9.660,-0.310,0.000,-7.31,0.50,-0.44,25.74,226.3,1.8,9.66
85572,5.480,-0.710,-1.420,-9.62,2.88,1.94,25.74,226.3,7.4,5.71
85612,10.480,-0.910,-0.110,-9.50,1.00,2.31,25.74,226.3,5.0,10.52
85652,8.120,-0.160,0.320,-9.06,1.19,0.56,25.74,226.3,1.1,8.13
85692,8.780,0.160,1.380,-8.88,1.69,-1.00,25.74,226.3,-1.0,8.89
85732,7.180,-1.010,0.110,-8.50,2.62,0.56,25.74,226.3,8.0,7.25
85772,8.660,1.280,0.600,-7.75,1.06,-3.19,25.74,226.3,-8.4,8.77
85812,6.680,1.930,2.670,-10.06,5.31,-4.75,25.74,226.3,-16.1,7.45
85852,6.740,1.260,1.880,-8.00,0.56,-2.50,25.74,226.3,-10.6,7.11
85892,8.610,0.590,-0.960,-9.56,-2.44,1.00,25.74,226.3,-3.9,8.68
85932,5.270,0.010,0.980,-9.25,-0.75,3.00,26.17,233.3,-0.1,5.36
85972,12.480,-0.350,1.850,-9.50,-0.31,1.81,26.17,233.3,1.6,12.62
86012,9.600,0.930,1.750,-9.44,-0.56,-0.44,26.17,233.3,-5.5,9.80
86052,18.340,-1.370,-0.450,-8.19,-2.38,2.06,26.17,233.3,4.3,18.40
86092,13.080,-0.980,0.040,-6.00,-2.75,-0.75,26.17,233.3,4.3,13.12
86132,8.190,-0.260,-0.180,-12.88,1.44,-3.25,26.17,233.3,1.8,8.20
86172,13.610,1.160,-0.720,-8.31,0.19,-5.12,26.17,233.3,-4.9,13.68
86212,10.550,-0.100,0.840,-10.31,-0.56,-1.88,26.17,233.3,0.5,10.58
86252,11.180,-0.050,-2.280,-4.81,-1.19,-4.25,26.17,233.3,0.3,11.41
86292,12.770,2.090,-0.900,-8.38,0.44,-3.62,26.17,233.3,-9.3,12.97
86332,13.750,1.820,2.570,-8.62,4.44,-0.19,26.17,233.3,-7.5,14.11
86372,9.640,0.960,1.560,-10.81,5.31,-1.75,26.17,233.3,-5.7,9.81
86412,7.400,0.290,-0.700,-7.31,0.75,2.50,26.17,233.3,-2.2,7.44
86452,9.100,0.420,-0.120,-12.12,5.56,4.00,26.17,233.3,-2.6,9.11
86492,12.800,-0.650,1.680,-6.75,-0.75,2.44,26.17,233.3,2.9,12.93
86532,7.970,-1.250,-3.670,-11.50,6.62,1.56,26.17,233.3,8.9,8.86
86572,10.060,0.570,2.150,-10.38,3.31,0.00,26.17,233.3,-3.2,10.30
86612,9.930,0.190,0.220,-10.44,0.88,0.38,26.17,233.3,-1.1,9.93
86652,16.390,0.560,2.040,-9.12,3.75,0.88,26.17,233.3,-2.0,16.53
86692,12.040,0.300,1.440,-10.38,4.44,0.88,26.17,233.3,-1.4,12.13
86732,7.300,0.030,2.870,-9.44,4.50,0.50,26.17,233.3,-0.2,7.84
86772,12.320,-0.340,-0.540,-11.19,3.75,3.12,26.17,233.3,1.6,12.34
86812,10.130,0.380,2.590,-6.94,3.19,0.50,26.17,233.3,-2.1,10.46
86852,8.150,-0.630,-0.910,-10.25,2.75,0.06,26.17,233.3,4.4,8.22
86892,11.620,-0.250,-1.640,-8.81,-0.44,2.31,26.17,233.3,1.2,11.74
86932,6.900,1.830,0.310,-9.75,1.44,-3.06,25.99,241.8,-14.9,7.15
86972,6.380,0.750,1.100,-7.81,-1.88,1.06,25.99,241.8,-6.7,6.52
87012,6.980,-0.900,0.670,-9.12,1.81,1.81,25.99,241.8,7.3,7.07
87052,14.870,-0.930,-0.380,-6.19,-4.75,1.62,25.99,241.8,3.6,14.90
87092,7.180,-0.860,1.090,-11.94,1.50,0.75,25.99,241.8,6.8,7.31
87132,7.150,-1.580,-5.750,-6.50,-1.38,0.44,25.99,241.8,12.5,9.31
87172,13.360,1.290,5.430,-7.69,-3.00,-5.00,25.99,241.8,-5.5,14.48
87212,14.000,1.250,4.790,-6.75,-2.06,-7.50,25.99,241.8,-5.1,14.85
87321,11.080,0.970,1.350,-9.06,-0.19,-3.25,25.99,241.8,-5.0,11.20
87361,7.040,1.480,0.400,-9.31,0.31,-3.38,25.99,241.8,-11.9,7.20
87401,14.640,-0.330,-2.000,-7.88,-2.31,1.88,25.99,241.8,1.3,14.78
87441,15.880,0.030,4.760,-12.62,7.12,-0.94,25.99,241.8,-0.1,16.58
87481,10.810,-0.680,-1.010,-9.31,4.75,-4.00,25.99,241.8,3.6,10.88
87521,9.080,1.080,0.590,-8.88,3.56,-3.62,25.99,241.8,-6.8,9.16
87561,8.610,1.200,0.910,-8.81,4.62,-3.25,25.99,241.8,-7.9,8.74
87601,10.220,1.040,1.190,-9.00,3.31,-1.31,25.99,241.8,-5.8,10.34
87641,6.650,0.690,2.600,-7.00,1.62,0.44,25.99,241.8,-5.9,7.17
87681,7.400,1.330,1.950,-13.69,3.25,2.56,25.99,241.8,-10.2,7.77
87721,0.960,0.470,-2.280,-5.38,-1.88,4.88,25.99,241.8,-26.1,2.52
87761,6.040,-0.530,-0.290,-10.88,3.00,5.25,25.99,241.8,5.0,6.07
87801,14.350,-0.450,0.310,-10.00,1.69,2.81,25.99,241.8,1.8,14.36
87841,11.310,-0.130,3.060,-9.25,5.69,2.19,25.99,241.8,0.7,11.72
87881,8.930,-0.190,-1.750,-5.88,1.19,2.81,25.99,241.8,1.2,9.10
87921,9.760,0.110,0.530,-8.38,2.81,3.75,25.62,251.1,-0.6,9.77
87961,10.530,0.450,-0.490,-6.31,1.56,1.00,25.62,251.1,-2.4,10.55
88001,7.230,0.100,-0.510,-8.81,0.94,3.62,25.62,251.1,-0.8,7.25
88041,9.160,0.460,-0.100,-6.75,-0.44,3.00,25.62,251.1,-2.9,9.17
88081,10.950,-0.710,-0.340,-10.00,6.69,3.06,25.62,251.1,3.7,10.98
88121,5.920,0.110,3.060,-11.31,3.88,5.81,25.62,251.1,-1.1,6.66
88161,8.280,-0.040,2.080,-9.12,2.06,4.06,25.62,251.1,0.3,8.54
88201,11.100,-0.190,2.930,-10.00,1.75,3.31,25.62,251.1,1.0,11.48
88241,5.810,-1.600,1.410,-9.56,6.00,5.00,25.62,251.1,15.4,6.19
88281,6.880,-0.930,-1.510,-7.38,-1.06,2.31,25.62,251.1,7.7,7.10
88321,11.440,-0.830,-0.150,-7.44,1.50,0.69,25.62,251.1,4.1,11.47
88361,14.930,-1.240,1.530,-10.69,3.62,0.62,25.62,251.1,4.7,15.06
88401,6.870,0.710,-0.230,-9.00,7.88,-1.50,25.62,251.1,-5.9,6.91
88441,9.560,-0.370,0.110,-9.00,9.81,-1.75,25.62,251.1,2.2,9.57
88481,13.230,1.170,0.240,-12.94,10.38,-4.00,25.62,251.1,-5.1,13.28
88521,8.020,-0.480,1.770,-10.25,5.94,-3.56,25.62,251.1,3.4,8.23
88561,11.060,0.610,1.260,-8.38,2.88,-2.25,25.62,251.1,-3.2,11.15
88601,7.030,1.180,0.020,-9.81,2.94,-2.31,25.62,251.1,-9.5,7.13
88641,9.010,0.180,4.110,-8.56,4.38,1.12,25.62,251.1,-1.1,9.90
88681,7.570,0.000,0.520,-11.75,1.19,2.62,25.62,251.1,-0.0,7.59
88721,7.870,-0.810,0.890,-7.06,0.75,3.81,25.62,251.1,5.9,7.96
88761,8.500,-0.080,-2.350,-13.19,3.69,0.38,25.62,251.1,0.5,8.82
88801,10.870,-0.350,1.490,-6.50,3.75,-0.81,25.62,251.1,1.8,10.98
88841,10.740,0.910,0.510,-10.25,0.56,-2.69,25.62,251.1,-4.8,10.79
88881,5.180,0.870,0.560,-10.94,3.62,-4.38,25.62,251.1,-9.5,5.28
88921,15.480,-0.390,1.360,-9.94,-2.00,-2.38,25.65,259.5,1.4,15.54
88961,5.780,0.840,-1.340,-6.88,-1.12,-2.06,25.65,259.5,-8.3,5.99
89001,5.790,1.480,-0.420,-9.19,-1.38,-7.81,25.65,259.5,-14.3,5.99
89041,7.370,1.250,-0.140,-7.81,0.19,-5.69,25.65,259.5,-9.6,7.48
89081,6.680,-0.440,-1.090,-8.38,-2.00,-0.44,25.65,259.5,3.8,6.78
89121,9.230,-1.260,0.480,-9.31,0.44,3.19,25.65,259.5,7.8,9.33
89161,10.180,-0.170,-1.100,-9.19,0.50,-1.50,25.65,259.5,1.0,10.24
89201,12.710,-0.050,1.920,-11.69,3.62,-1.19,25.65,259.5,0.2,12.85
89249,12.910,-0.260,0.380,-8.94,0.56,-0.81,25.65,259.5,1.2,12.92
89289,8.220,-0.610,-0.120,-10.00,1.31,-1.00,25.65,259.5,4.2,8.24
89329,10.800,0.580,-1.210,-10.12,-1.06,-1.81,25.65,259.5,-3.1,10.88
89369,7.860,0.410,-2.010,-8.69,1.12,-2.12,25.65,259.5,-3.0,8.12
89409,6.740,-0.670,0.910,-9.50,1.88,0.50,25.65,259.5,5.7,6.83
89449,8.450,0.310,2.160,-11.56,1.50,-1.00,25.65,259.5,-2.1,8.73
89489,9.070,1.190,1.210,-11.38,2.75,-0.19,25.65,259.5,-7.5,9.23
89529,8.300,0.200,2.060,-9.88,4.38,-1.50,25.65,259.5,-1.4,8.55
89569,12.410,-0.420,2.690,-12.81,4.44,0.56,25.65,259.5,1.9,12.71
89609,10.360,-0.660,-1.810,-9.56,-1.38,0.62,25.65,259.5,3.6,10.54
89649,8.180,-1.320,1.010,-10.12,2.56,2.06,25.65,259.5,9.2,8.35
89689,12.200,-0.920,0.810,-10.19,2.38,0.38,25.65,259.5,4.3,12.26
89729,10.050,0.920,-3.080,-6.38,0.56,-2.75,25.65,259.5,-5.2,10.55
89769,14.630,0.670,1.170,-12.50,8.56,-2.75,25.65,259.5,-2.6,14.69
89809,8.170,-0.330,0.460,-9.38,6.06,-1.12,25.65,259.5,2.3,8.19
89849,10.180,0.220,0.660,-10.00,4.19,-1.00,25.65,259.5,-1.2,10.20
89889,7.250,0.410,0.480,-11.31,2.69,1.00,25.65,259.5,-3.2,7.28
89929,8.090,0.860,1.790,-10.31,1.62,1.69,25.47,268.8,-6.1,8.33
89969,11.920,0.460,0.690,-8.38,2.38,3.50,25.47,268.8,-2.2,11.95
90009,7.050,-0.220,1.010,-11.69,2.12,3.06,25.47,268.8,1.8,7.13
90049,12.440,-1.790,0.810,-7.38,1.12,4.12,25.47,268.8,8.2,12.59
90089,9.930,0.220,0.370,-9.94,0.62,2.69,25.47,268.8,-1.3,9.94
90129,10.310,-0.660,0.490,-8.50,-2.50,1.50,25.47,268.8,3.7,10.34
90169,10.560,-0.200,-0.930,-9.81,2.38,1.38,25.47,268.8,1.1,10.60
90209,8.630,0.840,-0.720,-10.69,3.69,1.75,25.47,268.8,-5.6,8.70
90249,6.230,0.530,0.180,-12.81,1.94,1.81,25.47,268.8,-4.9,6.26
90289,8.400,-0.260,2.470,-11.62,8.69,1.25,25.47,268.8,1.8,8.76
90329,10.130,-0.030,2.020,-10.62,5.19,-2.69,25.47,268.8,0.2,10.33
90369,7.670,0.070,-2.280,-11.00,2.38,-1.12,25.47,268.8,-0.5,8.00
90409,8.630,-1.710,-0.270,-8.69,1.62,-0.19,25.47,268.8,11.2,8.80
90449,12.610,-1.350,1.330,-9.62,3.38,0.44,25.47,268.8,6.1,12.75
90489,10.570,-0.790,-0.740,-9.81,3.38,-1.06,25.47,268.8,4.3,10.63
90529,5.790,0.340,-0.520,-10.19,-1.00,-2.38,25.47,268.8,-3.4,5.82
90569,14.600,-1.920,1.440,-9.31,0.88,3.38,25.47,268.8,7.5,14.80
90609,6.620,-2.350,-7.360,-3.06,-1.38,1.56,25.47,268.8,19.5,10.17
90649,21.950,0.720,-0.170,-4.81,0.81,-2.88,25.47,268.8,-1.9,21.96
90689,8.170,-0.600,3.370,-5.69,9.12,-4.94,25.47,268.8,4.2,8.86
90729,13.810,1.300,-0.020,-12.69,5.50,-4.44,25.47,268.8,-5.4,13.87
90769,6.550,1.570,1.080,-5.44,4.38,-4.06,25.47,268.8,-13.5,6.82
90809,9.280,0.680,2.510,-11.38,4.81,-2.12,25.47,268.8,-4.2,9.64
90849,5.700,0.300,0.480,-11.31,2.56,1.69,25.47,268.8,-3.0,5.73
90889,8.280,-0.340,0.410,-12.25,1.44,1.12,25.47,268.8,2.4,8.30
90929,6.580,-0.610,0.430,-7.31,-4.31,3.75,24.74,279.0,5.3,6.62
90969,14.470,-1.250,2.640,-12.00,-0.19,-0.19,24.74,279.0,4.9,14.76
91009,7.180,-0.640,2.050,-12.00,4.88,-4.69,24.74,279.0,5.1,7.49
91049,9.630,-0.190,-0.740,-9.31,2.81,-5.69,24.74,279.0,1.1,9.66
91089,4.900,-0.200,-1.850,-9.12,2.06,-4.12,24.74,279.0,2.3,5.24
91129,9.750,0.740,-2.300,-8.00,6.56,-2.00,24.74,279.0,-4.3,10.04
91169,7.100,0.240,2.440,-15.75,7.44,1.06,24.74,279.0,-1.9,7.51
91209,7.730,-0.930,-1.000,-8.31,0.25,0.69,24.74,279.0,6.9,7.85
91249,13.570,0.660,-0.950,-9.56,2.50,0.81,24.74,279.0,-2.8,13.62
91289,18.600,-1.240,2.870,-9.81,1.69,0.50,24.74,279.0,3.8,18.86
91329,12.200,-0.960,0.390,-9.94,2.94,-0.50,24.74,279.0,4.5,12.24
91369,8.160,-0.020,0.130,-11.44,2.25,0.12,24.74,279.0,0.1,8.16
91409,13.640,0.000,1.420,-7.56,-0.06,-2.56,24.74,279.0,-0.0,13.71
91449,12.770,-0.660,3.060,-10.94,13.38,0.81,24.74,279.0,3.0,13.15
91489,9.360,0.690,-3.990,1.94,-3.50,-5.94,24.74,279.0,-4.2,10.20
91529,9.060,0.510,6.100,-16.56,9.06,-0.94,24.74,279.0,-3.2,10.93
91569,14.750,0.110,-0.830,-8.44,1.06,0.44,24.74,279.0,-0.4,14.77
91609,10.570,-1.560,2.090,-9.19,2.94,1.69,24.74,279.0,8.4,10.89
91649,9.730,-0.300,3.030,-11.75,3.75,1.50,24.74,279.0,1.8,10.20
91689,9.380,-1.070,2.280,-11.00,1.94,4.50,24.74,279.0,6.5,9.71
91729,12.540,-2.130,-0.440,-8.25,4.88,1.69,24.74,279.0,9.6,12.73
91769,9.170,-0.500,1.360,-7.81,0.50,-0.50,24.74,279.0,3.1,9.28
91809,11.520,-0.680,0.240,-10.75,5.06,-1.62,24.74,279.0,3.4,11.54
91849,8.810,0.220,-0.440,-10.81,4.31,0.75,24.74,279.0,-1.4,8.82
91889,7.750,-0.500,-0.780,-8.88,-0.38,1.56,24.74,279.0,3.7,7.81
91929,5.760,0.660,1.800,-7.81,-0.12,0.75,24.84,288.5,-6.5,6.07
91969,11.240,-0.420,-0.020,-9.75,-3.81,0.88,24.84,288.5,2.1,11.25
92009,13.810,-1.050,-6.320,-4.12,-4.69,-0.19,24.84,288.5,4.3,15.22
92049,14.240,-1.230,0.610,-11.56,8.00,-0.06,24.84,288.5,4.9,14.31
92089,14.380,-0.240,2.470,-11.44,5.44,-1.38,24.84,288.5,1.0,14.59
92129,7.960,-0.360,0.750,-8.81,2.44,-1.56,24.84,288.5,2.6,8.00
92169,8.660,0.730,0.770,-6.88,1.50,-2.50,24.84,288.5,-4.8,8.72
92209,9.430,0.570,1.270,-9.12,-1.12,-0.75,24.84,288.5,-3.5,9.53
92252,9.070,-0.270,1.060,-8.38,0.44,1.25,24.84,288.5,1.7,9.14
92292,4.090,-1.270,-2.510,-9.06,1.12,3.12,24.84,288.5,17.3,4.96
92332,11.340,-2.620,-0.200,-11.75,6.25,1.12,24.84,288.5,13.0,11.64
92372,11.330,-0.530,1.120,-6.19,2.00,-3.88,24.84,288.5,2.7,11.40
92412,8.320,0.490,-1.350,-11.94,6.44,-2.25,24.84,288.5,-3.4,8.44
92452,8.250,1.540,0.780,-10.31,4.81,0.06,24.84,288.5,-10.6,8.43
92492,9.870,-1.230,1.470,-9.38,1.94,1.44,24.84,288.5,7.1,10.05
92532,6.700,-1.360,-2.190,-6.31,-1.69,3.38,24.84,288.5,11.5,7.18
92572,9.760,-0.470,2.820,-11.31,3.12,-0.50,24.84,288.5,2.8,10.17
92612,13.990,-1.230,1.150,-10.25,5.31,0.81,24.84,288.5,5.0,14.09
92652,10.750,-2.360,0.510,-8.38,1.25,0.88,24.84,288.5,12.4,11.02
92692,14.100,-1.170,1.330,-6.94,1.56,-2.62,24.84,288.5,4.7,14.21
92732,12.330,-0.400,-1.470,-7.62,1.31,-5.38,24.84,288.5,1.9,12.42
92772,10.560,0.120,0.720,-9.12,3.62,-4.88,24.84,288.5,-0.7,10.59
92812,9.230,-0.210,-0.230,-9.75,3.50,-3.81,24.84,288.5,1.3,9.24
92852,6.020,-0.540,-0.420,-6.88,-0.75,-1.81,24.84,288.5,5.1,6.06
92892,11.170,-0.160,0.480,-8.00,-0.19,0.25,24.84,288.5,0.8,11.18
92932,7.690,-0.600,0.400,-6.50,-1.00,1.50,25.00,297.3,4.5,7.72
92972,14.180,-0.220,1.410,-8.38,-0.25,-0.62,25.00,297.3,0.9,14.25
93012,10.300,-0.070,-1.920,-7.31,-0.38,-3.19,25.00,297.3,0.4,10.48
93052,8.560,0.010,2.030,-8.75,3.50,-3.56,25.00,297.3,-0.1,8.80
93092,12.940,0.140,0.660,-10.19,0.56,-3.62,25.00,297.3,-0.6,12.96
93132,11.660,0.760,1.280,-7.19,1.06,-4.50,25.00,297.3,-3.7,11.75
93172,7.750,0.650,2.170,-7.81,3.50,-3.81,25.00,297.3,-4.8,8.07
93212,10.300,0.520,0.820,-12.06,2.25,-2.31,25.00,297.3,-2.9,10.35
93252,9.810,0.180,-0.830,-9.25,1.69,-0.38,25.00,297.3,-1.1,9.85
93292,6.550,0.120,0.800,-8.44,0.38,1.12,25.00,297.3,-1.0,6.60
93332,13.290,1.290,1.580,-9.25,-1.25,-0.38,25.00,297.3,-5.5,13.45
93372,0.400,0.090,-1.780,-11.88,5.06,-2.12,25.00,297.3,-12.7,1.83
93412,9.700,-0.670,0.360,-7.12,5.19,-0.44,25.00,297.3,4.0,9.73
93452,10.310,-0.230,1.180,-5.94,3.12,-2.31,25.00,297.3,1.3,10.38
93492,7.890,-0.340,1.680,-11.25,4.31,1.31,25.00,297.3,2.5,8.07
93532,8.660,-1.270,1.820,-8.38,1.00,3.12,25.00,297.3,8.3,8.94
93572,4.760,0.160,1.570,-10.25,0.31,1.81,25.00,297.3,-1.9,5.01
93612,9.460,-0.400,1.140,-9.06,-1.62,3.44,25.00,297.3,2.4,9.54
93652,9.040,-1.320,-0.940,-9.06,-1.56,4.44,25.00,297.3,8.3,9.18
93692,10.040,-1.220,0.650,-10.50,0.12,2.44,25.00,297.3,6.9,10.13
93732,13.500,-0.490,-2.810,-11.06,-0.06,-0.75,25.00,297.3,2.1,13.80
93772,13.060,0.170,-0.790,-3.75,-4.00,-2.12,25.00,297.3,-0.7,13.08
93812,7.960,-1.970,4.110,-10.19,7.81,-3.69,25.00,297.3,13.9,9.17
93852,11.400,-0.230,0.120,-12.38,3.75,-3.38,25.00,297.3,1.2,11.40
93892,9.520,0.340,1.640,-9.44,5.50,-3.44,25.00,297.3,-2.0,9.67
93932,9.780,-0.310,2.160,-11.12,4.88,-2.69,25.93,306.5,1.8,10.02
93972,11.900,-0.130,0.080,-9.69,2.75,0.50,25.93,306.5,0.6,11.90
94012,9.240,-0.740,-0.050,-10.81,4.12,1.75,25.93,306.5,4.6,9.27
94052,6.620,-1.170,-0.680,-3.62,-3.75,1.62,25.93,306.5,10.0,6.76
94092,8.680,-0.970,2.630,-11.56,5.44,2.69,25.93,306.5,6.4,9.12
94132,8.780,-0.070,-0.300,-8.06,2.19,0.62,25.93,306.5,0.5,8.79
94172,8.080,-0.710,0.430,-9.81,1.75,0.88,25.93,306.5,5.0,8.12
94212,12.120,-0.720,1.800,-10.44,4.00,-0.50,25.93,306.5,3.4,12.27
94252,8.490,-1.030,-0.060,-9.75,1.75,-1.25,25.93,306.5,6.9,8.55
94292,8.440,0.030,1.850,-10.75,2.75,-2.31,25.93,306.5,-0.2,8.64
94332,10.360,0.160,-0.680,-8.25,0.50,-2.19,25.93,306.5,-0.9,10.38
94372,7.140,-0.730,-0.380,-7.12,-2.69,-0.94,25.93,306.5,5.8,7.19
94412,9.170,0.820,-0.980,-5.06,-0.19,-3.56,25.93,306.5,-5.1,9.26
94452,7.920,-0.020,-0.560,-11.88,0.50,-3.06,25.93,306.5,0.1,7.94
94492,8.690,-0.480,-0.740,-7.50,-1.25,-3.00,25.93,306.5,3.2,8.73
94532,9.360,0.700,-2.430,-8.50,2.31,-3.69,25.93,306.5,-4.3,9.70
94572,8.330,0.390,0.250,-9.81,0.94,-5.19,25.93,306.5,-2.7,8.34
94612,10.050,0.770,2.030,-10.25,2.75,-3.12,25.93,306.5,-4.4,10.28
94652,10.960,0.760,1.430,-9.69,1.31,-3.94,25.93,306.5,-4.0,11.08
94692,14.270,-0.730,-0.310,-8.31,3.12,-1.00,25.93,306.5,2.9,14.29
94732,8.850,-0.120,-0.300,-8.44,1.38,-1.75,25.93,306.5,0.8,8.86
94772,10.910,-0.490,0.320,-9.19,4.88,-2.38,25.93,306.5,2.6,10.93
94812,5.970,0.280,1.900,-7.31,4.50,-2.94,25.93,306.5,-2.7,6.27
94852,8.630,0.050,1.750,-10.69,3.69,-1.88,25.93,306.5,-0.3,8.81
94892,8.320,-0.250,0.860,-6.00,1.56,-2.00,25.93,306.5,1.7,8.37
94932,8.400,-1.090,1.080,-10.25,1.88,-1.50,26.48,314.2,7.4,8.54
94972,8.300,-0.410,-0.700,-8.88,0.19,-3.38,26.48,314.2,2.8,8.34
95012,12.390,0.140,0.190,-7.25,-1.75,-4.00,26.48,314.2,-0.6,12.39
95052,10.390,0.460,0.120,-8.62,1.56,-4.38,26.48,314.2,-2.5,10.40
95092,10.990,0.390,-0.260,-6.00,-0.06,-3.69,26.48,314.2,-2.0,11.00
95132,12.120,-1.350,1.500,-9.50,4.31,0.19,26.48,314.2,6.4,12.29
95172,12.610,-0.360,1.820,-6.31,1.62,-1.81,26.48,314.2,1.6,12.75
95212,8.460,-0.790,0.680,-6.81,1.19,-3.38,26.48,314.2,5.3,8.52
95252,8.400,0.020,-0.370,-7.19,1.31,-3.69,26.48,314.2,-0.1,8.41
95292,10.000,0.190,-0.050,-5.12,0.75,-3.50,26.48,314.2,-1.1,10.00
95332,8.080,-0.060,-0.200,-8.31,2.56,-1.19,26.48,314.2,0.4,8.08
95372,10.000,-0.340,2.060,-7.12,2.00,-2.38,26.48,314.2,1.9,10.22
95412,10.950,-0.790,1.310,-7.88,2.38,-1.44,26.48,314.2,4.1,11.06
95452,8.390,-0.990,1.480,-5.94,-0.12,-0.81,26.48,314.2,6.7,8.58
95492,11.470,-0.260,1.360,-4.25,-3.31,-2.88,26.48,314.2,1.3,11.55
95532,7.720,-0.380,-1.570,-5.69,0.69,-2.25,26.48,314.2,2.8,7.89
95572,10.680,-0.430,-1.220,-6.31,1.44,-2.00,26.48,314.2,2.3,10.76
95612,10.930,0.130,1.920,-4.56,-0.25,-2.56,26.48,314.2,-0.7,11.10
95652,7.640,-0.450,0.980,-4.69,2.25,-1.88,26.48,314.2,3.4,7.72
95692,8.330,-0.270,1.590,-6.31,3.25,-0.75,26.48,314.2,1.9,8.48
95732,7.820,-0.780,-0.860,-4.56,-0.44,0.06,26.48,314.2,5.7,7.91
95772,8.230,-0.730,1.360,-4.31,-0.75,0.81,26.48,314.2,5.1,8.37
95812,8.620,-1.530,-0.830,-4.31,-1.56,-0.69,26.48,314.2,10.1,8.79
95852,7.290,-0.710,0.060,-5.25,-0.94,-1.25,26.48,314.2,5.6,7.32
95892,7.460,-0.930,0.210,-6.19,0.62,-3.56,26.48,314.2,7.1,7.52
95932,10.160,-1.250,1.280,-6.62,0.19,-2.88,25.15,324.8,7.0,10.32
95972,12.950,-1.630,2.400,-6.06,-1.12,-3.81,25.15,324.8,7.2,13.27
96012,12.520,-2.000,-2.500,-4.56,1.12,-4.25,25.15,324.8,9.1,12.92
96052,12.790,0.730,-0.410,-4.31,5.31,-6.31,25.15,324.8,-3.3,12.82
96092,7.140,0.910,1.350,-8.19,4.94,-7.50,25.15,324.8,-7.3,7.32
96132,11.760,0.470,0.130,-2.00,2.94,-3.31,25.15,324.8,-2.3,11.77
96172,6.380,0.370,1.800,-5.56,2.75,-1.19,25.15,324.8,-3.3,6.64
96212,6.110,-1.110,-0.870,-3.00,-0.19,-0.06,25.15,324.8,10.3,6.27
96252,9.400,-0.640,1.130,-3.38,-0.38,-1.62,25.15,324.8,3.9,9.49
96292,8.660,-0.870,0.120,-5.12,-0.62,-1.50,25.15,324.8,5.7,8.70
96332,10.270,-0.370,1.230,-1.38,-1.19,-3.19,25.15,324.8,2.1,10.35
96372,6.940,-0.820,-0.030,-4.56,-1.00,-2.31,25.15,324.8,6.7,6.99
96412,6.840,-0.460,0.660,-2.88,-2.81,-3.62,25.15,324.8,3.8,6.89
96452,8.110,-0.740,0.180,-5.69,-2.19,-4.56,25.15,324.8,5.2,8.15
96492,10.700,-0.420,-1.860,-2.75,-4.44,-5.69,25.15,324.8,2.2,10.87
96532,10.830,-0.120,0.590,-1.62,-3.38,-5.69,25.15,324.8,0.6,10.85
96572,11.710,0.090,-1.040,-3.12,0.06,-6.31,25.15,324.8,-0.4,11.76
96612,8.380,0.480,0.900,-3.38,2.12,-6.06,25.15,324.8,-3.3,8.44
96652,9.310,0.660,-1.050,-1.56,1.12,-4.06,25.15,324.8,-4.1,9.39
96692,9.970,0.620,2.410,-0.88,0.69,-5.31,25.15,324.8,-3.6,10.28
96732,8.290,-0.790,2.060,-0.56,0.81,-4.94,25.15,324.8,5.4,8.58
96772,8.340,0.410,3.140,-3.69,1.12,-1.81,25.15,324.8,-2.8,8.92
96812,7.500,-0.430,-1.110,0.00,0.56,-3.06,25.15,324.8,3.3,7.59
96852,10.300,-0.190,2.430,-1.81,1.31,-3.75,25.15,324.8,1.1,10.58
96892,6.720,-0.030,-1.610,0.25,0.12,-3.62,25.15,324.8,0.3,6.91
96932,8.030,-0.880,3.340,-4.50,2.25,-2.50,24.95,330.4,6.3,8.74
96972,5.780,-0.900,-0.010,0.19,-3.25,-2.00,24.95,330.4,8.9,5.85
97012,8.800,-0.800,1.570,-1.88,-2.56,-4.88,24.95,330.4,5.2,8.97
97052,10.320,-0.940,-0.380,-1.38,-1.94,-5.19,24.95,330.4,5.2,10.37
97092,11.820,-1.470,1.350,-1.50,-2.06,-4.94,24.95,330.4,7.1,11.99
97132,12.750,-0.480,1.360,-2.94,-0.38,-5.31,24.95,330.4,2.2,12.83
97172,10.580,-1.080,-3.550,2.31,-3.94,-3.56,24.95,330.4,5.8,11.21
97212,10.810,-1.250,1.570,-0.25,3.31,-4.81,24.95,330.4,6.6,10.99
97252,9.450,-0.940,-0.860,-0.81,1.88,-4.81,24.95,330.4,5.7,9.54
97292,10.950,-0.780,1.150,0.56,2.25,-5.75,24.95,330.4,4.1,11.04
97332,7.590,-0.370,0.360,-0.38,2.50,-3.81,24.95,330.4,2.8,7.61
97372,11.090,-0.800,2.050,-0.50,0.00,-4.75,24.95,330.4,4.1,11.31
97412,10.240,-0.090,1.120,1.25,-0.44,-5.31,24.95,330.4,0.5,10.30
97452,6.110,-0.190,0.410,0.06,0.06,-6.19,24.95,330.4,1.8,6.13
97492,9.580,-0.980,1.620,-0.44,1.38,-6.00,24.95,330.4,5.8,9.77
97532,6.540,-0.160,0.360,0.81,-1.00,-6.94,24.95,330.4,1.4,6.55
97572,7.100,-0.670,1.410,0.88,-1.50,-6.69,24.95,330.4,5.4,7.27
97612,9.230,-1.160,0.220,-1.12,-1.19,-7.31,24.95,330.4,7.2,9.31
97652,8.360,-0.940,-0.440,-0.56,-0.12,-8.94,24.95,330.4,6.4,8.42
97692,6.990,-0.080,2.290,-1.00,-1.12,-7.38,24.95,330.4,0.7,7.36
97732,8.580,-0.500,-0.900,1.75,-5.62,-10.25,24.95,330.4,3.3,8.64
97772,13.610,1.080,0.220,0.38,-1.50,-10.94,24.95,330.4,-4.5,13.65
97812,8.680,0.670,-2.120,2.88,-1.75,-9.75,24.95,330.4,-4.4,8.96
97852,11.080,-0.090,-3.480,4.31,-2.38,-7.50,24.95,330.4,0.5,11.61
97892,12.310,1.530,2.890,-1.31,5.12,-9.81,24.95,330.4,-7.1,12.74
97932,12.250,-1.380,2.620,1.12,3.00,-8.31,25.47,333.5,6.4,12.60
97972,7.950,-1.390,-0.290,2.06,1.19,-7.19,25.47,333.5,9.9,8.08
98012,8.150,-0.350,1.830,1.75,0.69,-10.94,25.47,333.5,2.5,8.36
98052,9.450,-0.460,1.220,2.06,-0.94,-10.62,25.47,333.5,2.8,9.54
98092,8.190,-0.400,1.570,2.00,-0.75,-11.50,25.47,333.5,2.8,8.35
98132,8.030,-0.610,0.530,2.19,-2.56,-11.50,25.47,333.5,4.3,8.07
98172,6.550,0.350,0.990,3.69,-3.06,-11.75,25.47,333.5,-3.1,6.63
98212,14.600,0.280,1.250,1.75,-0.31,-11.62,25.47,333.5,-1.1,14.66
98252,8.820,1.710,-7.670,6.12,-5.44,-12.88,25.47,333.5,-11.0,11.81
98292,16.630,0.100,1.270,4.06,-1.69,-8.75,25.47,333.5,-0.3,16.68
98332,10.290,0.780,-1.080,4.50,-0.31,-6.25,25.47,333.5,-4.3,10.38
98372,10.150,-0.070,0.020,3.62,0.06,-7.56,25.47,333.5,0.4,10.15
98412,7.720,0.100,-0.180,3.44,1.25,-8.31,25.47,333.5,-0.7,7.72
98452,8.480,-0.070,2.040,-0.88,1.94,-8.12,25.47,333.5,0.5,8.72
98492,9.380,-0.280,1.110,4.69,-2.38,-8.62,25.47,333.5,1.7,9.45
98532,8.460,0.040,-0.040,2.50,-0.38,-8.75,25.47,333.5,-0.3,8.46
98572,10.350,-0.150,0.650,3.44,-1.50,-9.12,25.47,333.5,0.8,10.37
98612,8.520,0.550,1.030,2.00,-2.94,-9.44,25.47,333.5,-3.7,8.60
98652,12.110,2.280,-3.910,2.44,-4.50,-10.25,25.47,333.5,-10.7,12.93
98692,10.020,1.970,-0.720,7.56,-4.56,-10.19,25.47,333.5,-11.1,10.24
98732,9.290,2.300,1.010,2.38,0.38,-7.12,25.47,333.5,-13.9,9.62
98772,8.000,0.600,-0.150,3.25,-1.69,-5.88,25.47,333.5,-4.3,8.02
98812,9.210,0.600,-0.400,3.62,-2.62,-5.69,25.47,333.5,-3.7,9.24
98852,9.380,0.910,1.430,1.62,0.12,-5.62,25.47,333.5,-5.5,9.53
98892,10.190,0.680,0.840,2.12,0.12,-3.62,25.47,333.5,-3.8,10.25
98932,8.050,0.020,2.970,0.50,4.38,-1.81,25.70,333.2,-0.1,8.58
98972,8.360,-0.690,-1.920,0.94,-0.12,-2.62,25.70,333.2,4.7,8.61
99012,11.910,0.800,1.240,2.94,-0.56,-1.81,25.70,333.2,-3.8,12.00
99052,10.090,0.140,1.220,2.06,2.88,-0.25,25.70,333.2,-0.8,10.16
99092,9.330,0.610,-1.290,3.19,2.12,-0.81,25.70,333.2,-3.7,9.44
99132,10.000,-0.050,2.200,1.50,4.44,0.38,25.70,333.2,0.3,10.24
99172,8.550,2.110,-0.990,3.81,5.56,-0.88,25.70,333.2,-13.9,8.86
99212,7.310,2.100,0.540,-0.25,7.88,-1.81,25.70,333.2,-16.0,7.62
99252,9.070,0.430,-1.160,2.19,1.06,-2.62,25.70,333.2,-2.7,9.15
99292,9.210,0.070,0.790,3.50,1.00,-2.06,25.70,333.2,-0.4,9.24
99332,7.800,-0.060,1.460,4.50,0.56,-2.25,25.70,333.2,0.4,7.94
99372,7.780,-0.300,0.070,3.06,-1.62,-4.00,25.70,333.2,2.2,7.79
99412,6.660,0.190,1.090,1.50,-1.69,-3.56,25.70,333.2,-1.6,6.75
99452,7.220,0.060,0.240,6.88,-4.12,-4.25,25.70,333.2,-0.5,7.22
99492,13.430,1.590,0.480,4.00,-0.38,-2.44,25.70,333.2,-6.8,13.53
99532,4.600,0.390,2.130,5.69,-4.69,-0.69,25.70,333.2,-4.8,5.08
99572,10.880,0.490,0.420,5.62,-1.44,-1.19,25.70,333.2,-2.6,10.90
99612,8.960,0.050,-1.350,6.12,-2.19,-1.25,25.70,333.2,-0.3,9.06
99652,13.790,0.540,3.460,5.69,3.00,-1.38,25.70,333.2,-2.2,14.23
99692,10.150,0.670,-2.130,5.44,4.06,-0.94,25.70,333.2,-3.8,10.39
99732,12.590,1.120,1.080,5.12,2.75,-1.88,25.70,333.2,-5.1,12.69
99772,9.710,0.250,-1.510,7.69,0.25,-2.19,25.70,333.2,-1.5,9.83
99812,9.870,0.900,-0.130,5.00,4.00,-3.38,25.70,333.2,-5.2,9.91
99852,7.430,0.680,0.870,5.56,5.62,-1.94,25.70,333.2,-5.2,7.51
99892,9.000,-0.190,0.260,1.62,5.12,-3.50,25.70,333.2,1.2,9.01
99932,8.260,-0.160,0.480,7.44,0.12,-4.56,26.13,331.4,1.1,8.28
99972,8.230,-0.310,0.140,6.19,-0.81,-5.50,26.13,331.4,2.2,8.24
100012,8.730,0.400,0.710,6.00,-1.81,-7.19,26.13,331.4,-2.6,8.77
100052,11.700,1.190,1.010,6.25,0.06,-4.19,26.13,331.4,-5.8,11.80
100092,10.270,0.470,0.900,3.75,1.50,-3.25,26.13,331.4,-2.6,10.32
100132,9.490,1.100,0.490,6.69,0.00,-2.88,26.13,331.4,-6.6,9.57
100172,11.890,0.720,0.240,5.81,-0.19,-1.94,26.13,331.4,-3.5,11.91
100212,11.730,0.530,-1.090,4.31,1.00,-0.38,26.13,331.4,-2.6,11.79
100252,8.470,0.180,-0.160,8.00,-0.19,-0.38,26.13,331.4,-1.2,8.47
100292,10.410,0.140,0.960,7.75,-0.19,-0.75,26.13,331.4,-0.8,10.46
100332,8.710,0.450,-0.360,5.50,0.12,-0.81,26.13,331.4,-3.0,8.73
100372,7.460,0.660,1.930,5.12,-2.56,0.50,26.13,331.4,-5.1,7.73
100412,18.200,0.280,5.210,4.31,-0.81,-0.12,26.13,331.4,-0.9,18.93
100452,8.670,0.340,0.990,4.50,0.50,0.75,26.13,331.4,-2.2,8.73
100492,9.460,-0.080,-2.880,7.06,-3.94,1.69,26.13,331.4,0.5,9.89
100532,11.350,0.890,-0.800,7.81,-0.06,0.12,26.13,331.4,-4.5,11.41
100572,9.960,1.240,-0.950,7.00,0.31,1.06,26.13,331.4,-7.1,10.08
100612,9.550,1.110,1.610,6.88,0.81,2.75,26.13,331.4,-6.6,9.75
100652,10.410,0.910,1.830,6.12,1.19,3.00,26.13,331.4,-5.0,10.61
100692,7.300,0.000,0.270,5.25,1.38,2.88,26.13,331.4,-0.0,7.30
100732,9.710,0.220,2.050,6.88,-1.06,3.44,26.13,331.4,-1.3,9.93
100772,16.420,2.460,-0.470,6.69,-5.69,-1.56,26.13,331.4,-8.5,16.61
100812,18.780,7.290,-7.370,9.50,-7.25,-6.94,26.13,331.4,-21.2,21.45
100852,12.150,1.000,-0.310,3.38,2.31,2.44,26.13,331.4,-4.7,12.20
100892,9.570,-0.020,-0.240,8.50,1.62,3.12,26.13,331.4,0.1,9.57
100932,7.780,-0.810,0.990,3.50,4.25,4.38,25.93,326.3,5.9,7.88
100972,7.750,-0.960,0.360,5.25,3.44,2.62,25.93,326.3,7.1,7.82
101012,7.590,-1.220,0.840,5.19,0.50,2.06,25.93,326.3,9.1,7.73
101052,9.540,-0.340,1.040,6.81,-1.62,0.62,25.93,326.3,2.0,9.60
101092,6.200,-0.430,-0.150,6.25,-4.12,-1.00,25.93,326.3,4.0,6.22
101132,8.660,0.390,1.750,8.44,-2.75,-1.12,25.93,326.3,-2.6,8.84
101172,11.860,0.450,1.910,3.81,-0.44,0.31,25.93,326.3,-2.2,12.02
101212,12.480,-0.170,1.140,5.00,-0.44,1.12,25.93,326.3,0.8,12.53
101252,10.380,-0.100,-0.300,9.00,-1.88,1.38,25.93,326.3,0.6,10.38
101292,11.640,0.210,0.930,6.25,2.81,0.75,25.93,326.3,-1.0,11.68
101332,9.280,-0.330,1.580,5.44,3.94,3.56,25.93,326.3,2.0,9.42
101372,9.950,0.190,0.690,8.06,0.06,1.38,25.93,326.3,-1.1,9.98
101412,11.820,1.010,1.250,8.56,3.19,0.19,25.93,326.3,-4.9,11.93
101452,10.290,-1.510,2.070,7.38,4.12,1.69,25.93,326.3,8.3,10.60
101492,5.790,-1.860,-0.230,9.69,1.25,0.50,25.93,326.3,17.8,6.09
101532,8.080,-1.380,2.880,7.38,0.81,-2.06,25.93,326.3,9.7,8.69
101572,6.980,-0.820,2.520,8.31,-3.50,-3.88,25.93,326.3,6.7,7.47
101612,13.690,-0.110,0.820,7.69,-4.19,-6.94,25.93,326.3,0.5,13.71
101652,22.860,5.140,-5.880,14.94,-9.62,-12.19,25.93,326.3,-12.7,24.16
101692,13.180,2.430,-3.140,12.56,2.19,-4.25,25.93,326.3,-10.4,13.77
101732,6.760,0.250,-0.570,8.12,5.69,-4.94,25.93,326.3,-2.1,6.79
101772,8.240,-0.450,2.050,7.56,7.75,-3.62,25.93,326.3,3.1,8.50
101812,8.540,-1.150,2.090,7.12,8.31,-2.56,25.93,326.3,7.7,8.87
101852,8.420,-0.630,3.130,8.50,4.50,-3.44,25.93,326.3,4.3,9.01
101892,9.250,-0.350,-0.280,9.56,1.00,-6.06,25.93,326.3,2.2,9.26
101932,8.360,0.780,-1.690,9.62,-1.19,-7.44,25.75,319.8,-5.3,8.56
101972,9.920,-0.050,0.840,8.50,1.06,-5.06,25.75,319.8,0.3,9.96
102012,9.940,0.060,-0.980,8.12,-0.56,-6.19,25.75,319.8,-0.3,9.99
102052,8.790,0.950,0.400,12.25,-0.94,-3.88,25.75,319.8,-6.2,8.85
102092,7.340,-0.330,0.380,7.50,3.88,-2.31,25.75,319.8,2.6,7.36
102132,14.140,1.650,2.100,8.38,3.00,-2.94,25.75,319.8,-6.7,14.39
102172,14.030,0.570,-3.240,11.19,-2.50,-3.06,25.75,319.8,-2.3,14.41
102212,7.750,0.150,-2.790,13.00,3.38,-0.88,25.75,319.8,-1.1,8.24
102252,7.660,0.130,1.390,6.25,5.44,0.38,25.75,319.8,-1.0,7.79
102292,6.590,-0.620,1.560,8.62,2.56,0.50,25.75,319.8,5.4,6.80
102332,8.040,-0.330,1.040,9.56,0.69,-1.44,25.75,319.8,2.4,8.11
102372,6.560,-0.220,1.250,7.75,-0.44,-0.88,25.75,319.8,1.9,6.68
102412,7.040,0.370,0.960,10.25,-3.50,-2.06,25.75,319.8,-3.0,7.11
102452,13.040,2.350,-0.020,6.25,5.88,0.31,25.75,319.8,-10.2,13.25
102492,-3.250,-2.230,2.200,1.00,11.56,13.44,25.75,319.8,145.5,4.51
102532,10.980,3.910,7.090,2.25,5.31,8.38,25.75,319.8,-19.6,13.64
102572,9.530,-0.160,3.650,3.31,13.38,2.94,25.75,319.8,1.0,10.21
102612,9.910,-2.390,3.170,6.94,8.88,7.62,25.75,319.8,13.6,10.68
102652,10.150,-2.620,-1.720,7.06,6.19,5.56,25.75,319.8,14.5,10.62
102692,9.850,-0.520,0.450,9.50,-1.12,3.19,25.75,319.8,3.0,9.87
102732,7.820,-1.480,-0.040,8.56,2.31,1.56,25.75,319.8,10.7,7.96
102772,8.620,-0.890,1.650,8.06,1.56,2.12,25.75,319.8,5.9,8.82
102812,11.740,-0.720,0.370,7.06,1.69,1.00,25.75,319.8,3.5,11.77
102852,10.260,0.980,-0.700,9.06,0.88,-1.44,25.75,319.8,-5.5,10.33
102892,9.290,-1.440,4.650,5.19,10.12,5.56,25.75,319.8,8.8,10.49
102932,10.230,-1.400,1.410,9.69,4.12,2.38,26.12,313.5,7.8,10.42
102972,11.710,-0.480,3.360,6.62,5.88,2.69,26.12,313.5,2.3,12.19
103012,7.040,-1.570,1.440,7.38,7.38,3.69,26.12,313.5,12.6,7.36
103052,7.250,-1.140,2.540,6.81,4.88,2.50,26.12,313.5,8.9,7.77
103092,9.690,-0.700,-1.100,8.50,-1.75,0.31,26.12,313.5,4.1,9.78
103132,8.440,-1.170,-0.430,7.81,2.56,1.06,26.12,313.5,7.9,8.53
103172,9.500,-0.770,-0.670,7.94,1.81,-0.69,26.12,313.5,4.6,9.55
103212,9.000,0.680,-0.760,6.88,2.94,-0.06,26.12,313.5,-4.3,9.06
103252,10.080,1.210,-0.930,7.19,3.69,0.75,26.12,313.5,-6.8,10.19
103292,14.250,1.640,-0.640,8.44,-0.19,-0.88,26.12,313.5,-6.6,14.36
103332,12.230,1.360,0.100,5.44,3.25,1.94,26.12,313.5,-6.3,12.31
103372,8.510,0.250,-2.070,10.75,2.44,-1.00,26.12,313.5,-1.7,8.76
103412,7.100,0.430,1.250,6.81,3.06,0.56,26.12,313.5,-3.5,7.22
103452,8.250,0.020,0.370,8.00,-2.00,-1.44,26.12,313.5,-0.1,8.26
103492,8.910,0.140,0.910,8.56,0.00,-2.00,26.12,313.5,-0.9,8.96
103532,8.670,-0.280,-0.170,6.94,1.12,0.31,26.12,313.5,1.8,8.68
103572,9.280,-0.800,0.510,8.19,-2.50,0.44,26.12,313.5,4.9,9.33
103612,15.880,0.360,2.150,7.94,-1.56,0.94,26.12,313.5,-1.3,16.03
103652,12.410,0.220,0.280,7.12,2.25,1.94,26.12,313.5,-1.0,12.42
103692,9.550,-1.770,-0.090,5.81,5.50,4.56,26.12,313.5,10.5,9.71
103732,8.570,-0.980,1.140,6.88,3.62,4.88,26.12,313.5,6.5,8.70
103772,9.920,-0.960,0.920,8.25,2.00,2.38,26.12,313.5,5.5,10.01
103812,7.640,-0.920,2.240,8.94,1.88,1.50,26.12,313.5,6.9,8.01
103852,10.710,0.320,0.480,9.62,-0.75,-0.56,26.12,313.5,-1.7,10.73
103892,8.330,0.470,1.050,7.88,1.31,-0.75,26.12,313.5,-3.2,8.41
103932,10.800,-0.300,-0.500,8.38,0.50,0.56,25.92,304.7,1.6,10.82
103972,13.090,0.480,3.690,5.94,6.56,0.44,25.92,304.7,-2.1,13.61
104012,6.890,-1.370,1.940,4.75,5.38,1.25,25.92,304.7,11.2,7.29
104052,6.900,-1.090,2.090,10.25,-0.19,1.38,25.92,304.7,9.0,7.29
104092,8.780,-0.910,0.880,9.06,-0.69,1.12,25.92,304.7,5.9,8.87
104132,8.970,-0.420,0.260,9.19,-3.88,0.00,25.92,304.7,2.7,8.98
104172,10.230,0.330,2.390,6.06,4.50,-0.38,25.92,304.7,-1.8,10.51
104212,6.810,-0.680,2.740,7.75,3.25,0.94,25.92,304.7,5.7,7.37
104252,9.680,-1.020,0.240,6.75,1.12,2.50,25.92,304.7,6.0,9.74
104292,10.980,-0.310,-1.250,8.19,2.25,1.50,25.92,304.7,1.6,11.06
104332,12.010,-0.930,3.340,6.81,4.12,2.25,25.92,304.7,4.4,12.50
104372,8.780,-1.350,-1.210,9.69,1.81,2.19,25.92,304.7,8.7,8.97
104412,6.620,-1.080,1.600,8.25,0.88,0.69,25.92,304.7,9.3,6.90
104452,10.020,-0.320,1.590,8.50,0.19,-0.50,25.92,304.7,1.8,10.15
104492,9.750,1.600,-2.990,7.25,2.44,0.31,25.92,304.7,-9.3,10.32
104532,13.680,-0.060,-1.970,8.94,0.50,2.75,25.92,304.7,0.3,13.82
104572,11.340,0.900,2.220,6.19,4.94,3.31,25.92,304.7,-4.5,11.59
104612,10.830,-0.090,-2.000,4.75,7.81,7.81,25.92,304.7,0.5,11.01
104652,7.640,-0.150,0.090,6.94,2.00,6.31,25.92,304.7,1.1,7.64
104692,7.820,-0.310,0.430,7.50,3.62,4.56,25.92,304.7,2.3,7.84
104732,9.590,-0.860,1.590,5.25,1.69,4.94,25.92,304.7,5.1,9.76
104772,9.050,0.080,0.690,7.62,0.00,2.75,25.92,304.7,-0.5,9.08
104812,11.780,0.220,-1.360,6.31,-1.38,3.56,25.92,304.7,-1.1,11.86
104852,9.960,0.130,0.920,5.44,5.12,4.31,25.92,304.7,-0.7,10.00
104892,11.660,0.830,3.010,4.69,3.50,4.62,25.92,304.7,-4.1,12.07
104932,10.790,-0.710,1.250,2.44,6.81,8.25,25.69,297.5,3.8,10.89
104972,9.460,-0.350,2.370,4.50,2.19,7.06,25.69,297.5,2.1,9.76
105012,8.510,-0.490,-1.940,4.88,1.31,6.38,25.69,297.5,3.3,8.74
105052,9.310,-0.390,1.640,2.88,2.31,5.50,25.69,297.5,2.4,9.46
105092,8.100,0.000,1.940,2.81,-0.06,3.88,25.69,297.5,-0.0,8.33
105132,13.520,1.210,-1.350,5.12,-5.00,1.75,25.69,297.5,-5.1,13.64
105172,12.480,1.980,-5.490,5.88,-6.00,-0.31,25.69,297.5,-9.0,13.78
105212,9.890,1.140,-0.980,3.75,-2.19,4.12,25.69,297.5,-6.6,10.00
105252,9.390,1.350,1.160,3.25,0.50,4.00,25.69,297.5,-8.2,9.56
105292,7.520,0.360,1.120,3.50,1.12,4.38,25.69,297.5,-2.7,7.61
105332,9.040,0.390,1.330,2.56,0.62,4.19,25.69,297.5,-2.5,9.15
105372,10.560,-0.690,-0.950,2.88,-2.50,2.88,25.69,297.5,3.7,10.63
105412,8.410,0.460,-0.900,2.62,0.12,1.81,25.69,297.5,-3.1,8.47
105452,9.710,-0.450,2.590,1.44,2.31,5.62,25.69,297.5,2.7,10.06
105492,9.280,-1.230,-1.910,2.06,1.44,5.12,25.69,297.5,7.6,9.55
105532,9.620,-1.500,2.310,0.56,3.38,6.38,25.69,297.5,8.9,10.01
105572,7.510,-0.480,-0.410,2.00,1.38,4.81,25.69,297.5,3.7,7.54
105612,13.060,-0.880,0.770,1.50,1.88,3.88,25.69,297.5,3.9,13.11
105652,8.330,0.190,-0.300,1.25,1.94,2.56,25.69,297.5,-1.3,8.34
105692,9.280,-0.020,3.310,0.19,2.00,2.75,25.69,297.5,0.1,9.85
105732,11.630,0.420,2.360,2.25,0.94,2.06,25.69,297.5,-2.1,11.87
105772,11.040,-0.660,-1.120,1.25,0.19,1.75,25.69,297.5,3.4,11.12
105812,9.470,0.300,-0.660,3.12,-1.69,1.38,25.69,297.5,-1.8,9.50
105852,11.870,0.550,1.720,-1.06,4.88,1.19,25.69,297.5,-2.7,12.01
105892,7.390,0.040,0.620,2.12,1.81,2.25,25.69,297.5,-0.3,7.42
105932,7.420,0.580,1.120,0.56,2.81,2.81,25.94,291.0,-4.5,7.53
105972,8.310,-0.670,2.150,0.25,-0.31,2.94,25.94,291.0,4.6,8.61
106012,6.930,0.490,-2.400,2.00,-1.56,3.19,25.94,291.0,-4.0,7.35
106052,8.290,-0.160,1.890,-2.19,3.44,3.31,25.94,291.0,1.1,8.50
106092,12.540,0.460,0.190,1.31,-0.19,3.38,25.94,291.0,-2.1,12.55
106132,9.280,0.340,2.690,0.69,2.50,5.31,25.94,291.0,-2.1,9.67
106172,8.510,-0.400,-1.390,1.00,1.56,5.00,25.94,291.0,2.7,8.63
106212,6.970,-0.280,-1.120,1.62,-1.44,6.12,25.94,291.0,2.3,7.06
106252,7.540,-0.430,1.030,0.06,0.06,4.31,25.94,291.0,3.3,7.62
106292,8.130,-0.960,-0.030,1.81,-2.12,4.62,25.94,291.0,6.7,8.19
106332,9.010,0.360,0.810,-0.12,-1.06,3.12,25.94,291.0,-2.3,9.05
106372,10.840,-2.840,2.580,-0.19,4.69,7.62,25.94,291.0,14.7,11.50
106412,9.380,1.610,0.620,1.88,-3.19,3.56,25.94,291.0,-9.7,9.54
106452,11.840,1.890,0.920,-0.19,2.25,5.00,25.94,291.0,-9.1,12.03
106492,8.090,0.530,-0.560,-0.06,1.00,3.00,25.94,291.0,-3.7,8.13
106532,10.440,-0.310,0.110,0.00,1.94,4.62,25.94,291.0,1.7,10.45
106572,10.680,0.780,1.940,0.44,4.06,3.31,25.94,291.0,-4.2,10.88
106612,10.160,-0.680,-1.490,1.00,0.50,5.25,25.94,291.0,3.8,10.29
106652,7.930,-0.920,2.030,1.25,3.88,4.94,25.94,291.0,6.6,8.24
106692,10.730,-1.630,-1.360,-0.31,2.12,5.69,25.94,291.0,8.6,10.94
106732,7.950,0.510,-0.540,1.81,-1.75,2.69,25.94,291.0,-3.7,7.98
106772,10.090,-0.650,2.390,-0.62,6.44,3.44,25.94,291.0,3.7,10.39
106812,7.710,0.020,0.080,0.06,0.44,3.62,25.94,291.0,-0.1,7.71
106852,9.870,-0.050,1.510,0.06,2.50,2.69,25.94,291.0,0.3,9.98
106892,8.870,-0.140,1.330,0.75,1.12,3.94,25.94,291.0,0.9,8.97
106932,10.340,-0.520,-0.320,0.50,-0.69,2.62,25.93,287.9,2.9,10.36
106972,7.890,-0.820,0.950,1.00,1.25,2.94,25.93,287.9,5.9,7.99
107012,12.560,-0.750,0.580,0.25,0.81,2.69,25.93,287.9,3.4,12.60
107052,9.940,0.430,-1.050,-0.94,2.44,1.62,25.93,287.9,-2.5,10.00
107092,13.680,1.850,-1.430,1.06,0.62,2.19,25.93,287.9,-7.7,13.88
107132,11.520,-2.080,-0.580,1.56,0.56,4.69,25.93,287.9,10.2,11.72
107172,8.850,-0.480,1.540,1.94,1.06,3.44,25.93,287.9,3.1,9.00
107212,7.770,-0.960,0.190,-0.12,-0.62,4.88,25.93,287.9,7.0,7.83
107252,8.240,-0.520,-0.290,1.75,-1.75,1.44,25.93,287.9,3.6,8.26
107292,8.890,0.140,0.370,-0.38,-2.12,2.25,25.93,287.9,-0.9,8.90
107332,7.390,1.510,-0.340,-1.31,0.56,2.38,25.93,287.9,-11.5,7.55
107372,11.570,-0.450,3.490,-1.94,-3.19,3.50,25.93,287.9,2.2,12.09
107412,6.320,-0.560,-2.400,4.00,-2.56,0.44,25.93,287.9,5.1,6.78
107452,11.980,-2.050,-1.590,0.19,2.06,3.31,25.93,287.9,9.7,12.26
107492,7.490,0.320,0.460,0.88,2.06,1.31,25.93,287.9,-2.4,7.51
107532,12.780,-1.920,0.790,0.12,0.19,2.19,25.93,287.9,8.5,12.95
107572,10.460,0.710,0.600,2.50,-1.12,0.06,25.93,287.9,-3.9,10.50
107612,7.830,0.440,0.900,0.38,-0.62,1.00,25.93,287.9,-3.2,7.89
107652,10.290,-0.550,0.190,1.00,-1.31,0.38,25.93,287.9,3.1,10.31
107692,10.390,-1.010,0.010,-0.94,1.69,3.50,25.93,287.9,5.6,10.44
107732,10.360,-0.940,-2.400,3.06,-2.50,1.62,25.93,287.9,5.2,10.68
107772,10.320,-0.190,2.940,0.75,4.44,1.12,25.93,287.9,1.1,10.73
107812,9.250,-0.480,-2.490,-0.25,0.62,0.56,25.93,287.9,3.0,9.59
107852,8.420,0.710,-0.270,2.06,0.56,-0.06,25.93,287.9,-4.8,8.45
107892,8.790,-0.240,0.520,-0.94,1.94,1.75,25.93,287.9,1.6,8.81
107932,8.220,-0.840,0.530,1.88,-0.88,2.12,26.16,286.7,5.8,8.28
107972,7.700,-0.820,1.380,-0.88,-1.75,2.94,26.16,286.7,6.1,7.87
108012,11.660,-1.300,-1.790,1.50,-4.94,1.50,26.16,286.7,6.4,11.87
108052,5.820,-0.220,0.310,1.25,1.56,2.19,26.16,286.7,2.2,5.83
108092,13.580,-0.320,1.340,-1.69,2.38,1.19,26.16,286.7,1.3,13.65
108132,7.440,-0.620,-0.960,0.94,2.75,2.31,26.16,286.7,4.8,7.53
108172,9.120,0.080,0.890,-0.81,3.00,2.44,26.16,286.7,-0.5,9.16
108212,6.100,0.270,-0.980,2.12,-0.19,2.75,26.16,286.7,-2.5,6.18
# BOOT millis=1447
# BOOT millis=1449

